case,status,rmsd,tm,n_pockets,min_dist,rank_of_best,top20_oracle_dist,hit_4A,hit_8A,oracle_4A
5SD5_HWI,ok,4.68,0.401,1,10.924,1,10.924,0,0,0
5S8I_2LY,ok,2.87,0.342,1,23.056,1,23.056,0,0,0
5SAK_ZRY,ok,6.8,0.249,3,8.311,2,8.311,0,0,0
5SB2_1K2,ok,5.96,0.318,7,2.645,1,2.645,1,1,1
6M2B_EZO,ok,3.9,0.648,3,14.182,1,14.182,0,0,0
5SIS_JSM,ok,5.96,0.373,9,8.931,1,8.931,0,0,0
6M73_FNR,ok,4.89,0.493,6,3.177,1,3.177,1,1,1
6T88_MWQ,ok,4.93,0.445,9,4.558,9,4.558,0,1,0
6TW7_NZB,ok,3.84,0.748,5,7.299,2,7.299,0,1,0
6VS3_R6V,ok,7.52,0.253,11,6.381,1,6.381,0,1,0
6VTA_AKN,ok,7.2,0.207,9,14.597,8,14.597,0,0,0
6TW5_9M2,ok,8.75,0.192,33,47.507,22,53.223,0,0,0
6X8D_ARA,no_pocket,2.13,0.785,,,,,,,
6W59_SZD,ok,6.37,0.474,15,21.516,7,21.516,0,0,0
6WTN_RXT,ok,5.72,0.286,5,5.509,5,5.509,0,1,0
6XAF_GDP,ok,4.87,0.278,3,17.454,2,17.454,0,0,0
6XG5_TOP,ok,2.3,0.767,1,4.247,1,4.247,0,1,0
6XBO_5MC,ok,6.57,0.339,4,14.952,4,14.952,0,0,0
6XCT_478,ok,6.08,0.358,7,14.305,6,14.305,0,0,0
6Y7L_QMG,ok,3.17,0.662,1,7.895,1,7.895,0,1,0
6XUM_30L,ok,5.15,0.521,4,6.014,1,6.014,0,1,0
6XM9_V55,ok,6.19,0.445,6,2.866,1,2.866,1,1,1
6XHT_V2V,ok,9.26,0.182,26,36.978,5,36.978,0,0,0
6YDY_K73,ok,6.13,0.329,5,6.542,1,6.542,0,1,0
6YJA_2BA,ok,6.11,0.285,2,9.425,1,9.425,0,0,0
6YMS_OZH,ok,5.71,0.46,4,4.896,1,4.896,0,1,0
6YQW_82I,ok,2.82,0.603,3,5.511,1,5.511,0,1,0
6YQV_8K2,ok,5.95,0.307,5,9.659,3,9.659,0,0,0
6YR2_T1C,ok,5.04,0.236,7,8.74,5,8.74,0,0,0
6YRV_PJ8,ok,7.91,0.292,16,3.772,15,3.772,1,1,1
6YT6_PKE,ok,7.62,0.265,10,23.272,4,23.272,0,0,0
6Z0R_Q4H,ok,6.38,0.277,2,15.392,2,15.392,0,0,0
6YYO_Q1K,ok,7.34,0.234,14,6.615,1,6.615,0,1,0
6YSP_PAL,ok,9.04,0.276,20,10.771,16,10.771,0,0,0
6Z1C_7EY,ok,6.22,0.342,9,9.017,6,9.017,0,0,0
6Z14_Q4Z,ok,6.85,0.369,9,6.732,1,6.732,0,1,0
6Z2C_Q5E,ok,7.92,0.308,25,10.19,22,13.369,0,0,0
6Z4N_Q7B,ok,5.23,0.736,9,5.79,2,5.79,0,1,0
6Z5Z_BDF,ok,3.63,0.562,1,14.972,1,14.972,0,0,0
6ZAE_ACV,ok,6.69,0.331,7,8.362,2,8.362,0,0,0
6ZC3_JOR,ok,5.25,0.262,2,10.902,2,10.902,0,0,0
6ZCY_QF8,ok,5.67,0.378,6,5.623,1,5.623,0,1,0
6ZPB_3D1,ok,4.93,0.352,2,10.077,2,10.077,0,0,0
6ZK5_IMH,ok,6.02,0.269,13,15.682,11,15.682,0,0,0
6ZR8_QOZ,ok,5.28,0.357,3,12.407,1,12.407,0,0,0
6ZT2_QPK,ok,3.14,0.661,3,4.281,3,4.281,0,1,0
6ZX3_QRZ,ok,5.83,0.403,3,9.6,1,9.6,0,0,0
6ZXQ_IMO,ok,5.9,0.417,4,7.358,1,7.358,0,1,0
7A1P_QW2,ok,7.05,0.258,8,4.921,5,4.921,0,1,0
7A9E_R4W,ok,7.16,0.326,16,12.563,8,12.563,0,0,0
7AA0_R6B,ok,1.32,0.405,2,38.696,1,38.696,0,0,0
7AKL_RK5,ok,6.72,0.267,2,29.429,1,29.429,0,0,0
7A9H_TPP,ok,5.62,0.362,13,5.492,2,5.492,0,1,0
7AFX_R9K,ok,5.26,0.392,2,17.213,1,17.213,0,0,0
7AMC_73B,ok,3.65,0.385,1,28.075,1,28.075,0,0,0
7AS1_21G,ok,5.3,0.275,2,4.096,2,4.096,0,1,0
7B2C_TP7,no_cif,,,,,,,,,
7AN5_RDH,ok,7.76,0.279,17,11.249,4,11.249,0,0,0
7B0E_C2E,ok,4.99,0.498,3,19.634,2,19.634,0,0,0
7AVI_S2Q,ok,8.77,0.262,26,15.885,25,32.119,0,0,0
7BA0_T5H,ok,4.14,0.391,2,6.872,1,6.872,0,1,0
7B94_ANP,ok,7.4,0.251,8,13.594,3,13.594,0,0,0
7BCP_GCO,ok,4.76,0.478,6,5.398,2,5.398,0,1,0
7BHX_TO5,ok,4.06,0.307,6,14.798,5,14.798,0,0,0
7BJ6_TVK,ok,3.41,0.602,1,10.386,1,10.386,0,0,0
7BJJ_TVW,ok,5.09,0.381,4,11.026,1,11.026,0,0,0
7BLA_WCS,ok,3.11,0.732,1,8.029,1,8.029,0,0,0
7BLG_GAL,no_pocket,4.1,0.561,,,,,,,
7BKA_4JC,ok,8.87,0.248,18,6.894,17,6.894,0,1,0
7BMI_U4B,ok,3.85,0.544,5,8.008,1,8.008,0,0,0
7BNH_BEZ,ok,4.32,0.568,9,1.75,1,1.75,1,1,1
7BTT_F8R,ok,6.23,0.3,7,8.793,6,8.793,0,0,0
7C6P_SQH,ok,3.99,0.422,1,14.686,1,14.686,0,0,0
7C3U_AZG,ok,6.8,0.286,2,16.573,2,16.573,0,0,0
7C0U_FGO,ok,8.37,0.233,9,11.671,6,11.671,0,0,0
7C8Q_DSG,ok,7.35,0.311,12,16.929,1,16.929,0,0,0
7CL8_TES,ok,4.91,0.661,3,6.255,1,6.255,0,1,0
7CD9_FVR,ok,6.44,0.281,9,10.67,5,10.67,0,0,0
7CIJ_G0C,ok,9.41,0.259,25,9.439,21,10.945,0,0,0
7CTM_BDP,ok,6.49,0.339,8,3.663,1,3.663,1,1,1
7CNS_PMV,ok,5.92,0.438,4,11.561,1,11.561,0,0,0
7CUO_PHB,ok,7.44,0.262,7,8.323,7,8.323,0,0,0
7D6O_MTE,no_cif,,,,,,,,,
7D0P_1VU,ok,5.63,0.306,5,5.951,5,5.951,0,1,0
7D8Q_GZF,ok,4.76,0.421,2,7.173,2,7.173,0,1,0
7D5C_GV6,ok,8.69,0.252,31,6.14,1,6.14,0,1,0
7D9L_GSF,ok,6.07,0.374,1,5.542,1,5.542,0,1,0
7DIN_MPO,ok,3.46,0.339,1,11.015,1,11.015,0,0,0
7CNQ_G8X,ok,11.07,0.267,64,14.925,16,14.925,0,0,0
7DQL_4CL,ok,4.02,0.37,6,34.518,6,34.518,0,0,0
7E2S_BLA,ok,5.85,0.297,4,16.116,1,16.116,0,0,0
7DKT_GLF,ok,6.16,0.502,25,5.562,2,5.562,0,1,0
7DUA_HJ0,ok,6.97,0.296,10,11.088,2,11.088,0,0,0
7E4L_MDN,ok,7.81,0.294,11,7.966,6,7.966,0,1,0
7EBG_J0L,ok,8.01,0.271,10,11.312,1,11.312,0,0,0
7ED2_A3P,ok,7.47,0.286,7,13.749,1,13.749,0,0,0
7ELT_TYM,ok,6.06,0.454,4,9.542,4,9.542,0,0,0
7ECR_SIN,ok,9.43,0.244,34,12.995,20,12.995,0,0,0
7EN7_J79,ok,3.96,0.456,1,3.787,1,3.787,1,1,1
7EPV_FDA,ok,3.86,0.549,8,3.33,3,3.33,1,1,1
7ES1_UDP,ok,4.61,0.556,5,2.596,4,2.596,1,1,1
7F51_BA7,ok,4.66,0.551,3,4.76,1,4.76,0,1,0
7F5D_EUO,ok,2.91,0.412,4,8.922,1,8.922,0,0,0
7FRX_O88,no_cif,,,,,,,,,
7F8T_FAD,ok,6.32,0.42,11,9.506,7,9.506,0,0,0
7FB7_8NF,ok,6.37,0.274,3,19.473,1,19.473,0,0,0
7FT9_4MB,ok,6.74,0.215,17,5.618,3,5.618,0,1,0
7FHA_ADX,ok,7.41,0.301,27,8.344,10,8.344,0,0,0
7JG0_GAR,ok,1.35,0.952,1,0.928,1,0.928,1,1,1
7JGW_V9S,ok,3.4,0.568,2,9.334,1,9.334,0,0,0
7JMV_4NC,ok,5.64,0.299,5,14.424,2,14.424,0,0,0
7JNB_A2G,ok,3.77,0.792,3,24.266,2,24.266,0,0,0
7JR8_VH7,ok,7.35,0.265,8,21.024,1,21.024,0,0,0
7JHQ_VAJ,ok,8.97,0.316,31,9.155,14,9.155,0,0,0
7JUD_MMA,ok,6.18,0.26,6,23.086,2,23.086,0,0,0
7JXX_VP7,ok,6.61,0.377,5,6.671,1,6.671,0,1,0
7JY3_VUD,ok,3.89,0.828,15,15.271,14,15.271,0,0,0
7K0V_VQP,ok,9.5,0.209,32,6.662,25,10.644,0,1,0
7K41_VUA,ok,6.01,0.446,6,3.761,1,3.761,1,1,1
7KFO_IAC,ok,3.06,0.548,2,13.937,1,13.937,0,0,0
7KC5_BJZ,ok,5.08,0.339,6,12.531,2,12.531,0,0,0
7KLX_WOV,ok,5.97,0.323,9,18.648,5,18.648,0,0,0
7KM8_WPD,ok,6.84,0.293,7,6.885,3,6.885,0,1,0
7KP6_WTP,ok,7.52,0.239,8,12.139,3,12.139,0,0,0
7KQU_YOF,ok,8.04,0.276,11,11.594,2,11.594,0,0,0
7KB1_WBJ,ok,8.85,0.353,22,15.646,10,15.646,0,0,0
7KZ9_XN7,ok,7.86,0.266,20,5.482,12,5.482,0,1,0
7L03_F9F,ok,5.41,0.34,13,2.593,1,2.593,1,1,1
7KRU_ATP,ok,6.94,0.42,11,7.163,1,7.163,0,1,0
7L00_XCJ,ok,8.06,0.297,31,25.29,14,25.29,0,0,0
7L5F_XNG,ok,3.84,0.708,1,5.941,1,5.941,0,1,0
7L6D_BMF,ok,3.82,0.364,1,18.758,1,18.758,0,0,0
7L7C_XQ1,ok,4.88,0.237,9,14.617,4,14.617,0,0,0
7L81_UD4,ok,5.69,0.386,1,22.496,1,22.496,0,0,0
7LB3_XXS,ok,2.74,0.664,1,10.635,1,10.635,0,0,0
7LCU_XTA,ok,6.36,0.427,5,9.223,5,9.223,0,0,0
7LEV_0JO,ok,5.93,0.361,7,14.337,5,14.337,0,0,0
7LOE_Y84,ok,2.6,0.819,2,1.206,1,1.206,1,1,1
7LMO_NYO,ok,5.6,0.632,3,18.685,1,18.685,0,0,0
7LJN_GTP,ok,9.29,0.205,32,24.158,8,24.158,0,0,0
7LT0_ONJ,ok,5.45,0.463,3,7.111,1,7.111,0,1,0
7LOU_IFM,ok,9.39,0.19,21,18.897,4,18.897,0,0,0
7LZD_YHY,ok,5.29,0.285,2,17.696,2,17.696,0,0,0
7LZQ_YJV,no_pocket,3.24,0.382,,,,,,,
7M41_YQG,ok,5.47,0.34,1,27.031,1,27.031,0,0,0
7M3H_YPV,ok,7.61,0.232,17,11.435,14,11.435,0,0,0
7M6K_YRJ,ok,1.88,0.505,8,3.804,1,3.804,1,1,1
7MAE_XUS,ok,5.6,0.26,3,3.213,3,3.213,1,1,1
7MEU_MGP,ok,6.52,0.323,3,19.472,2,19.472,0,0,0
7MGT_ZD4,ok,5.25,0.385,5,7.523,5,7.523,0,1,0
7MMH_ZJY,ok,6.14,0.263,1,11.042,1,11.042,0,0,0
7MGY_ZD1,ok,9.66,0.237,23,28.85,18,28.85,0,0,0
7MFP_Z7P,ok,9.74,0.241,30,16.929,3,16.929,0,0,0
7MOI_HPS,ok,5.51,0.329,8,22.997,2,22.997,0,0,0
7MRH_ZMJ,ok,2.63,0.834,2,6.211,2,6.211,0,1,0
7MS7_ZQ1,ok,5.6,0.37,2,18.527,2,18.527,0,0,0
7MWN_WI5,ok,5.13,0.379,7,18.207,5,18.207,0,0,0
7MSR_DCA,ok,5.5,0.577,16,8.4,3,8.4,0,0,0
7MWU_ZPM,ok,4.52,0.568,8,2.438,2,2.438,1,1,1
7MY1_IPE,ok,5.38,0.422,7,6.233,4,6.233,0,1,0
7MZS_GLA,no_pocket,2.84,0.812,,,,,,,
7N03_ZRP,ok,4.97,0.419,4,11.042,1,11.042,0,0,0
7MYU_ZR7,ok,8.07,0.267,24,7.873,17,7.873,0,1,0
7N4N_0BK,ok,5.32,0.376,17,11.82,15,11.82,0,0,0
7N4W_P4V,ok,4.91,0.413,3,9.54,3,9.54,0,0,0
7N6F_0I1,ok,6.79,0.274,13,8.734,4,8.734,0,0,0
7N7B_T3F,ok,4.8,0.21,13,38.69,6,38.69,0,0,0
7NA4_1I9,ok,1.18,0.917,1,4.084,1,4.084,0,1,0
7N7H_CTP,ok,4.29,0.48,3,6.489,1,6.489,0,1,0
7NB4_U6Q,ok,0.67,0.988,1,3.973,1,3.973,1,1,1
7NF3_4LU,ok,8.53,0.267,11,6.416,4,6.416,0,1,0
7NFB_GEN,ok,6.37,0.347,13,5.498,13,5.498,0,1,0
7NGW_UAW,ok,4.0,0.584,3,7.017,1,7.017,0,1,0
7NF0_BYN,ok,8.89,0.274,23,13.828,4,13.828,0,0,0
7NLK_UHK,ok,7.95,0.227,6,18.153,3,18.153,0,0,0
7NML_I7B,ok,5.84,0.352,2,18.278,2,18.278,0,0,0
7NP6_UK8,ok,5.69,0.289,8,8.449,5,8.449,0,0,0
7NLV_UJE,ok,7.02,0.379,7,15.545,5,15.545,0,0,0
7NPL_UKZ,ok,7.1,0.272,5,11.539,1,11.539,0,0,0
7NR8_UOE,ok,5.96,0.312,8,12.773,6,12.773,0,0,0
7NR6_UO8,ok,6.46,0.298,8,18.357,1,18.357,0,0,0
7NSW_HC4,ok,5.44,0.47,8,15.249,6,15.249,0,0,0
7NTG_F6R,ok,5.59,0.399,7,8.196,1,8.196,0,0,0
7NUT_GLP,ok,7.49,0.34,19,11.19,1,11.19,0,0,0
7NU0_DCL,ok,9.31,0.273,31,5.523,1,5.523,0,1,0
7NXO_UU8,ok,8.08,0.264,12,7.641,1,7.641,0,1,0
7O0N_CDP,ok,3.85,0.297,3,19.625,1,19.625,0,0,0
7O1T_5X8,ok,2.81,0.779,4,5.055,4,5.055,0,1,0
7OCB_V88,ok,2.59,0.634,3,5.992,2,5.992,0,1,0
7ODX_DGP,ok,6.8,0.286,3,7.888,1,7.888,0,1,0
7ODY_DGI,ok,6.52,0.338,7,9.458,2,9.458,0,0,0
7OEO_V9Z,ok,4.58,0.378,1,12.491,1,12.491,0,0,0
7OFF_VCB,ok,0.26,0.998,4,5.743,1,5.743,0,1,0
7OFK_VCH,ok,6.08,0.309,4,10.073,1,10.073,0,0,0
7OKC_VFE,ok,5.84,0.397,2,20.538,1,20.538,0,0,0
7OKF_VH5,ok,3.91,0.331,2,20.07,1,20.07,0,0,0
7OLT_58J,ok,5.72,0.293,6,9.4,1,9.4,0,0,0
7OMJ_GCP,ok,4.69,0.671,4,1.685,1,1.685,1,1,1
7OMX_CNA,ok,5.14,0.311,2,5.536,1,5.536,0,1,0
7OLI_8HG,ok,6.93,0.405,5,3.251,2,3.251,1,1,1
7ORW_7WA,ok,5.44,0.282,3,13.014,3,13.014,0,0,0
7OSO_0V1,ok,3.82,0.724,6,2.535,1,2.535,1,1,1
7OPG_06N,ok,8.79,0.225,22,24.221,20,24.221,0,0,0
7OU8_1XI,ok,9.51,0.219,27,20.363,24,22.332,0,0,0
7OZC_G6S,ok,6.69,0.376,8,7.447,1,7.447,0,1,0
7OZ9_NGK,ok,8.49,0.345,15,22.167,5,22.167,0,0,0
7P1F_KFN,ok,8.72,0.237,11,11.67,10,11.67,0,0,0
7P1M_4IU,ok,2.98,0.403,3,38.732,1,38.732,0,0,0
7P2I_MFU,ok,6.9,0.322,2,24.543,2,24.543,0,0,0
7P2W_4QR,ok,5.71,0.305,2,11.685,1,11.685,0,0,0
7P4V_DAT,ok,2.19,0.642,1,8.033,1,8.033,0,0,0
7P4C_5OV,ok,7.2,0.44,13,9.286,1,9.286,0,0,0
7P4J_5JK,ok,8.63,0.248,20,22.812,12,22.812,0,0,0
7P5T_5YG,ok,7.21,0.294,8,5.357,1,5.357,0,1,0
7P85_5ZG,ok,4.31,0.623,5,6.308,2,6.308,0,1,0
7PGX_FMN,ok,3.55,0.48,1,15.413,1,15.413,0,0,0
7PA4_C,ok,5.03,0.542,10,16.371,4,16.371,0,0,0
7PIH_7QW,ok,6.38,0.329,9,10.58,2,10.58,0,0,0
7PJQ_OWH,ok,7.0,0.268,4,11.943,2,11.943,0,0,0
7PK0_BYC,ok,6.21,0.288,6,14.055,5,14.055,0,0,0
7PL1_SFG,ok,5.33,0.296,4,11.177,1,11.177,0,0,0
7PRI_7TI,ok,7.78,0.298,19,4.108,8,4.108,0,1,0
7POM_7VZ,ok,9.08,0.242,46,9.259,9,9.259,0,0,0
7PRM_81I,ok,3.28,0.714,4,4.499,3,4.499,0,1,0
7Q19_DSM,ok,4.86,0.427,4,8.697,1,8.697,0,0,0
7PT3_3KK,ok,7.63,0.297,32,17.925,14,17.925,0,0,0
7PUV_84Z,ok,9.54,0.249,31,10.362,23,13.568,0,0,0
7Q25_8J9,ok,8.28,0.254,35,9.449,16,9.449,0,0,0
7Q2B_M6H,ok,2.85,0.853,4,5.424,1,5.424,0,1,0
7Q27_8KC,ok,7.04,0.44,17,3.683,1,3.683,1,1,1
7QF4_RBF,ok,3.31,0.52,1,4.994,1,4.994,0,1,0
7QE4_NGA,ok,5.12,0.304,9,1.525,7,1.525,1,1,1
7QFM_AY3,ok,4.1,0.461,9,1.199,5,1.199,1,1,1
7Q5I_I0F,ok,7.93,0.274,21,10.245,1,10.245,0,0,0
7QGP_DJ8,ok,6.21,0.322,6,6.192,3,6.192,0,1,0
7QK0_EBL,ok,3.13,0.344,1,22.668,1,22.668,0,0,0
7QHG_T3B,ok,7.83,0.322,14,6.955,9,6.955,0,1,0
7QPP_VDX,ok,5.3,0.337,9,2.709,1,2.709,1,1,1
7QHL_D5P,ok,9.04,0.281,34,19.942,34,22.486,0,0,0
7QTA_URI,ok,7.34,0.249,7,6.331,1,6.331,0,1,0
7R59_I5F,ok,6.07,0.304,4,11.58,3,11.58,0,0,0
7R3D_APR,ok,7.95,0.315,13,16.357,6,16.357,0,0,0
7R7R_AWJ,ok,6.08,0.241,7,5.51,6,5.51,0,1,0
7R9N_F97,ok,7.83,0.228,18,17.305,15,17.305,0,0,0
7RC3_SAH,ok,5.81,0.349,7,8.909,4,8.909,0,0,0
7QSW_CAP,ok,11.75,0.208,69,16.429,41,16.989,0,0,0
7REE_4LY,ok,6.13,0.34,4,10.678,3,10.678,0,0,0
7R6J_2I7,ok,9.29,0.306,33,6.638,3,6.638,0,1,0
7RH3_59O,ok,2.27,0.825,1,17.736,1,17.736,0,0,0
7RH8_UTP,ok,4.53,0.49,6,7.817,6,7.817,0,1,0
7RKW_5TV,ok,7.63,0.295,3,5.638,1,5.638,0,1,0
7RNI_60I,ok,6.29,0.524,16,9.902,1,9.902,0,0,0
7ROU_66I,ok,5.37,0.38,10,5.67,1,5.67,0,1,0
7ROR_69X,ok,4.91,0.307,13,4.404,1,4.404,0,1,0
7RPZ_6IC,ok,2.78,0.704,1,13.227,1,13.227,0,0,0
7RUI_7QZ,ok,4.29,0.528,1,28.823,1,28.823,0,0,0
7RWO_7WN,ok,4.22,0.514,1,9.393,1,9.393,0,0,0
7RWS_4UR,ok,5.6,0.291,4,6.937,4,6.937,0,1,0
7RSV_7IQ,ok,8.57,0.291,15,18.101,9,18.101,0,0,0
7S45_ACO,no_pocket,4.01,0.286,,,,,,,
7RZL_NPO,ok,6.9,0.169,3,30.945,3,30.945,0,0,0
7S9H_7PP,ok,5.44,0.285,4,3.142,4,3.142,1,1,1
7SCW_GSP,ok,3.68,0.536,2,1.005,1,1.005,1,1,1
7SDD_4IP,ok,4.16,0.59,7,5.74,3,5.74,0,1,0
7SED_8VD,ok,5.83,0.312,5,4.386,4,4.386,0,1,0
7SFO_98L,ok,5.11,0.222,10,19.321,7,19.321,0,0,0
7SGV_L30,ok,5.94,0.257,3,29.184,2,29.184,0,0,0
7SIU_9ID,ok,7.84,0.244,12,18.464,2,18.464,0,0,0
7SNE_9XR,ok,8.45,0.236,12,22.057,12,22.057,0,0,0
7SSM_B7L,ok,4.71,0.324,1,15.207,1,15.207,0,0,0
7SZA_DUI,ok,8.0,0.295,13,11.472,7,11.472,0,0,0
7T0D_FPP,ok,5.75,0.438,19,10.184,15,10.184,0,0,0
7T0U_E3I,ok,8.04,0.221,15,9.273,7,9.273,0,0,0
7T1D_E7K,ok,5.89,0.424,14,1.827,13,1.827,1,1,1
7T2I_E9F,ok,4.74,0.366,2,32.301,2,32.301,0,0,0
7T3F_EM0,no_pocket,3.83,0.549,,,,,,,
7T9O_GEI,ok,4.55,0.376,2,14.061,1,14.061,0,0,0
7T3E_SLB,ok,7.8,0.243,11,8.355,4,8.355,0,0,0
7TE8_P0T,ok,6.39,0.379,4,14.605,2,14.605,0,0,0
7TH4_FFO,ok,4.35,0.55,10,23.755,10,23.755,0,0,0
7TBU_S3P,ok,4.9,0.53,8,8.928,2,8.928,0,0,0
7THI_PGA,ok,5.97,0.218,15,21.513,11,21.513,0,0,0
7TOM_5AD,ok,4.83,0.607,7,5.776,1,5.776,0,1,0
7TB0_UD1,ok,6.61,0.365,14,42.246,1,42.246,0,0,0
7TM6_GPJ,ok,4.08,0.5,8,4.153,2,4.153,0,1,0
7TUO_KL9,ok,6.79,0.313,5,3.051,1,3.051,1,1,1
7TSF_H4B,ok,8.21,0.232,30,8.528,20,8.528,0,0,0
7TWC_CXS,ok,7.03,0.265,9,14.883,3,14.883,0,0,0
7TXK_LW8,ok,8.5,0.188,6,6.455,6,6.455,0,1,0
7TXP_0FX,no_pocket,4.98,0.41,,,,,,,
7TS6_KMI,ok,10.39,0.168,53,16.186,28,22.64,0,0,0
7TYP_KUR,ok,7.48,0.25,11,9.383,5,9.383,0,0,0
7U3J_L6U,ok,4.3,0.607,2,6.319,1,6.319,0,1,0
7U0U_FK5,ok,5.03,0.408,8,2.474,8,2.474,1,1,1
7UAW_MF6,ok,5.15,0.288,3,17.513,3,17.513,0,0,0
7UAS_MBU,ok,0.5,0.5,4,2.682,1,2.682,1,1,1
7UEY_N0R,ok,4.25,0.555,6,4.485,4,4.485,0,1,0
7UF2_5SP,ok,5.54,0.389,2,11.765,1,11.765,0,0,0
7UJ4_OQ4,ok,8.62,0.288,25,9.116,15,9.116,0,0,0
7UJ5_DGL,ok,8.43,0.299,23,29.046,14,29.046,0,0,0
7ULC_56B,ok,8.03,0.271,15,11.565,15,11.565,0,0,0
7UJF_R3V,ok,7.84,0.175,21,14.326,2,14.326,0,0,0
7UMV_NUU,ok,2.1,0.876,1,2.474,1,2.474,1,1,1
7UQ3_O2U,ok,6.44,0.269,5,3.992,1,3.992,1,1,1
7UMW_NAD,ok,7.28,0.384,7,13.54,1,13.54,0,0,0
7UP3_NZ0,ok,5.61,0.27,8,21.118,4,21.118,0,0,0
7USH_82V,ok,4.15,0.36,1,15.822,1,15.822,0,0,0
7UYB_OK0,ok,3.53,0.789,5,5.802,1,5.802,0,1,0
7UTW_NAI,ok,8.48,0.249,18,5.584,1,5.584,0,1,0
7UY4_SMI,ok,5.33,0.275,8,8.333,1,8.333,0,0,0
7UXS_OJC,ok,4.65,0.64,6,8.844,3,8.844,0,0,0
7V14_ORU,ok,5.7,0.373,4,8.611,4,8.611,0,0,0
7V3S_5I9,ok,5.77,0.343,6,2.791,1,2.791,1,1,1
7V3N_AKG,ok,7.19,0.25,7,8.742,4,8.742,0,0,0
7V43_C4O,ok,4.76,0.586,5,7.359,2,7.359,0,1,0
7V8Z_5YH,ok,7.27,0.298,7,5.441,1,5.441,0,1,0
7VBU_6I4,ok,4.49,0.534,10,12.002,4,12.002,0,0,0
7VC5_9SF,ok,6.19,0.313,9,16.687,3,16.687,0,0,0
7VB8_STL,ok,6.9,0.373,16,4.259,7,4.259,0,1,0
7VJT_7IJ,ok,5.37,0.325,11,19.302,11,19.302,0,0,0
7VQ9_ISY,ok,3.75,0.453,3,30.803,1,30.803,0,0,0
7VWF_K55,ok,7.3,0.272,12,7.988,8,7.988,0,1,0
7VKZ_NOJ,ok,8.51,0.243,32,6.925,10,6.925,0,1,0
7W05_GMP,ok,2.77,0.686,1,2.926,1,2.926,1,1,1
7W06_ITN,ok,5.49,0.267,2,22.254,1,22.254,0,0,0
7W6F_8I6,ok,4.76,0.269,2,6.168,1,6.168,0,1,0
7WCF_ACP,ok,6.13,0.401,5,6.215,2,6.215,0,1,0
7VYJ_CA0,ok,7.76,0.335,27,7.696,2,7.696,0,1,0
7WDT_NGS,ok,9.01,0.287,20,9.314,9,9.314,0,0,0
7WJB_BGC,ok,7.77,0.329,16,26.212,1,26.212,0,0,0
7WL4_JFU,ok,7.93,0.225,6,10.014,2,10.014,0,0,0
7WN5_JGL,ok,3.81,0.288,5,6.644,2,6.644,0,1,0
7WPW_F15,ok,0.33,0.994,1,2.278,1,2.278,1,1,1
7WKL_CAQ,ok,8.12,0.236,27,36.917,6,36.917,0,0,0
7WQQ_5Z6,ok,4.15,0.405,2,16.874,1,16.874,0,0,0
7WUY_76N,ok,7.13,0.235,18,8.104,16,8.104,0,0,0
7WUX_6OI,ok,8.81,0.302,29,10.96,3,10.96,0,0,0
7X5N_5M5,ok,8.07,0.246,19,11.629,17,11.629,0,0,0
7WY1_D0L,ok,8.33,0.215,23,9.747,15,9.747,0,0,0
7X9K_8OG,ok,4.61,0.337,2,10.523,1,10.523,0,0,0
7XBV_APC,ok,5.33,0.519,5,2.34,1,2.34,1,1,1
7XEK_9YX,ok,4.64,0.526,4,1.039,1,1.039,1,1,1
7XFA_D9J,ok,2.55,0.804,1,14.948,1,14.948,0,0,0
7XG5_PLP,ok,5.84,0.238,7,27.585,4,27.585,0,0,0
7XI7_4RI,ok,2.75,0.802,2,2.209,1,2.209,1,1,1
7XIJ_EJ3,ok,3.46,0.583,2,19.976,1,19.976,0,0,0
7XJN_NSD,ok,10.13,0.242,33,10.24,9,10.24,0,0,0
7XQZ_FPF,ok,4.44,0.794,7,4.937,1,4.937,0,1,0
7XPO_UPG,ok,4.74,0.672,8,7.872,3,7.872,0,1,0
7Z1Q_NIO,ok,4.35,0.375,4,2.251,2,2.251,1,1,1
7YZU_DO7,ok,6.76,0.328,6,7.642,1,7.642,0,1,0
7Z2O_IAJ,ok,6.88,0.238,8,10.087,6,10.087,0,0,0
7XRL_FWK,ok,10.46,0.245,41,7.976,18,7.976,0,1,0
7Z7F_IF3,ok,2.83,0.433,2,2.684,1,2.684,1,1,1
7ZF0_DHR,ok,5.8,0.526,7,7.843,2,7.843,0,1,0
7ZHP_IQY,ok,6.22,0.411,7,11.358,1,11.358,0,0,0
7ZCC_OGA,ok,10.35,0.208,37,3.866,14,3.866,1,1,1
7ZL5_IWE,ok,7.33,0.227,6,4.443,3,4.443,0,1,0
7ZOC_T8E,ok,5.91,0.484,8,6.959,1,6.959,0,1,0
7ZTL_BCN,ok,6.28,0.258,6,9.042,2,9.042,0,0,0
7ZDY_6MJ,ok,9.85,0.328,33,6.348,20,6.348,0,1,0
7ZU2_DHT,ok,4.63,0.351,8,6.099,3,6.099,0,1,0
7ZXV_45D,ok,2.69,0.426,6,8.019,2,8.019,0,0,0
7ZXZ_K9R,ok,4.53,0.448,6,7.789,1,7.789,0,1,0
7ZYS_KNR,ok,5.4,0.297,4,5.705,1,5.705,0,1,0
7ZZB_KGX,ok,5.21,0.475,5,9.789,2,9.789,0,0,0
8A1H_DLZ,ok,6.03,0.328,14,8.855,2,8.855,0,0,0
8A2D_KXY,ok,6.25,0.28,2,21.664,1,21.664,0,0,0
8AAU_LH0,ok,5.67,0.286,5,10.829,2,10.829,0,0,0
7ZZW_KKW,ok,9.56,0.27,22,11.824,15,11.824,0,0,0
8ACL_LQL,ok,6.01,0.264,6,18.965,2,18.965,0,0,0
8AEM_LVF,ok,6.54,0.346,6,1.541,4,1.541,1,1,1
8AEU_M0L,ok,2.5,0.569,1,6.774,1,6.774,0,1,0
8AIE_M7L,ok,6.33,0.296,11,21.521,2,21.521,0,0,0
8AJX_FUM,ok,6.08,0.313,9,10.517,1,10.517,0,0,0
8AP0_PRP,ok,5.74,0.321,10,4.517,6,4.517,0,1,0
8AIJ_M9I,ok,7.52,0.501,7,17.763,3,17.763,0,0,0
8AUH_L9I,ok,5.48,0.412,11,8.119,10,8.119,0,0,0
8AY3_OE3,ok,6.46,0.256,13,22.887,9,22.887,0,0,0
8B8H_OJQ,ok,3.58,0.311,9,0.851,1,0.851,1,1,1
8AQL_PLG,ok,10.69,0.206,39,11.072,13,11.072,0,0,0
8BOM_QU6,ok,6.58,0.301,8,10.426,8,10.426,0,0,0
8BN6_R53,ok,4.86,0.32,2,7.578,1,7.578,0,1,0
8BPL_CP,ok,4.84,0.444,7,8.74,5,8.74,0,0,0
8BRO_R7E,no_pocket,2.44,0.879,,,,,,,
8C3N_ADP,ok,2.41,0.747,2,7.088,1,7.088,0,1,0
8BTI_RFO,ok,5.81,0.388,8,3.861,5,3.861,1,1,1
8C5D_GTB,ok,7.09,0.316,5,17.82,3,17.82,0,0,0
8C5M_MTA,ok,5.9,0.291,6,8.867,1,8.867,0,0,0
8CGC_LMR,ok,6.05,0.286,10,12.06,7,12.06,0,0,0
8C7Y_TXV,ok,7.64,0.284,20,2.604,2,2.604,1,1,1
8CNH_V6U,ok,6.74,0.303,16,6.992,8,6.992,0,1,0
8CSD_C5P,ok,7.23,0.272,13,9.952,4,9.952,0,0,0
8D19_GSH,ok,3.36,0.441,13,32.79,4,32.79,0,0,0
8D39_QDB,ok,6.95,0.378,8,10.455,4,10.455,0,0,0
8DHG_T78,ok,4.35,0.659,4,18.759,3,18.759,0,0,0
8CI0_8EL,ok,10.67,0.216,47,76.46,37,78.917,0,0,0
8D5D_5DK,ok,8.94,0.367,17,13.243,4,13.243,0,0,0
8DKO_TFB,ok,6.46,0.402,13,14.563,2,14.563,0,0,0
8DP2_UMA,ok,4.15,0.672,3,5.249,1,5.249,0,1,0
8DW5_FQ7,no_pocket,1.2,0.958,,,,,,,
8DSC_NCA,ok,8.88,0.232,18,6.724,4,6.724,0,1,0
8DZT_G4P,ok,4.7,0.459,3,9.973,2,9.973,0,0,0
8E77_ULP,ok,5.07,0.438,5,6.641,3,6.641,0,1,0
8EAB_VN2,ok,3.99,0.242,5,13.747,4,13.747,0,0,0
8EAD_UY0,no_pocket,4.07,0.547,,,,,,,
8EX2_Q2Q,ok,6.19,0.327,6,6.514,4,6.514,0,1,0
8ERS_WQO,ok,6.75,0.31,4,26.319,1,26.319,0,0,0
8EXL_799,ok,6.45,0.272,26,42.493,13,42.493,0,0,0
8FAV_4Y5,ok,7.75,0.214,15,8.379,14,8.379,0,0,0
8EYE_X4I,ok,7.81,0.293,22,8.578,22,8.85,0,0,0
8F8E_XJI,ok,5.01,0.597,7,8.824,2,8.824,0,0,0
8FLN_Y7W,ok,5.72,0.32,3,8.542,2,8.542,0,0,0
8FLV_ZB9,ok,6.78,0.278,5,3.784,2,3.784,1,1,1
8FO5_Y4U,ok,6.3,0.325,10,47.44,8,47.44,0,0,0
8G43_ZU6,ok,4.24,0.293,1,15.328,1,15.328,0,0,0
8G6P_API,ok,5.93,0.509,8,5.592,1,5.592,0,1,0
8FV9_80J,ok,8.14,0.487,26,6.97,1,6.97,0,1,0
8GFD_ZHR,ok,7.26,0.315,9,12.222,1,12.222,0,0,0
8H0M_2EH,ok,4.16,0.422,9,9.913,5,9.913,0,0,0
8G0V_YHT,ok,10.34,0.304,67,9.551,20,9.551,0,0,0
8HFN_XGC,ok,5.93,0.299,6,3.332,1,3.332,1,1,1
8HO0_3ZI,ok,7.04,0.288,10,5.856,4,5.856,0,1,0
8SLG_G5A,ok,9.22,0.305,18,10.241,1,10.241,0,0,0
