case,n_pockets,top1_err,oracle_err
5S8I_2LY,8,3.902,3.902
5SAK_ZRY,14,3.234,3.234
5SB2_1K2,20,4.331,4.331
5SD5_HWI,10,9.143,6.148
5SIS_JSM,17,6.418,6.418
6M2B_EZO,20,5.813,5.813
6M73_FNR,20,1.36,1.36
6T88_MWQ,17,6.81,6.81
6TW5_9M2,20,64.91,3.074
6TW7_NZB,20,13.957,2.205
6VS3_R6V,20,8.284,8.284
6VTA_AKN,20,14.26,5.09
6W59_SZD,20,44.098,10.663
6WTN_RXT,17,8.616,8.616
6X8D_ARA,9,30.365,2.34
6XAF_GDP,15,30.381,2.274
6XBO_5MC,20,4.691,4.691
6XCT_478,13,17.326,1.5
6XG5_TOP,4,1.528,1.528
6XHT_V2V,20,16.358,1.087
6XM9_V55,20,0.662,0.662
6XUM_30L,16,8.962,8.962
6Y7L_QMG,4,3.769,3.769
6YDY_K73,10,26.642,5.252
6YJA_2BA,15,5.045,5.045
6YMS_OZH,18,3.19,3.19
6YQV_8K2,18,23.2,5.194
6YQW_82I,2,1.206,1.206
6YR2_T1C,20,26.785,6.049
6YRV_PJ8,20,1.071,1.071
6YSP_PAL,20,18.678,9.089
6YT6_PKE,20,46.782,6.89
6YYO_Q1K,20,4.756,4.756
6Z0R_Q4H,18,1.484,1.484
6Z14_Q4Z,20,14.087,5.213
6Z1C_7EY,20,1.591,1.591
6Z2C_Q5E,20,3.742,3.742
6Z4N_Q7B,20,2.906,2.906
6Z5Z_BDF,2,16.241,16.241
6ZAE_ACV,20,2.661,2.661
6ZC3_JOR,13,3.016,3.016
6ZCY_QF8,13,1.747,1.747
6ZK5_IMH,20,47.558,8.211
6ZPB_3D1,7,6.865,6.865
6ZR8_QOZ,15,7.944,7.944
6ZT2_QPK,16,22.702,6.431
6ZX3_QRZ,17,4.989,3.819
6ZXQ_IMO,20,30.266,4.2
7A1P_QW2,20,3.865,3.865
7A9E_R4W,20,18.718,5.005
7A9H_TPP,20,1.4,1.4
7AA0_R6B,15,36.313,5.764
7AFX_R9K,16,7.129,7.129
7AKL_RK5,17,1.562,1.562
7AMC_73B,14,30.982,5.071
7AN5_RDH,20,27.917,0.75
7AS1_21G,12,1.77,1.77
7AVI_S2Q,20,92.555,2.6
7B0E_C2E,17,15.035,5.921
7B94_ANP,20,10.487,0.351
7BA0_T5H,8,21.262,5.189
7BCP_GCO,17,25.362,1.555
7BHX_TO5,20,25.745,5.265
7BJ6_TVK,8,6.703,6.703
7BJJ_TVW,17,25.671,1.837
7BKA_4JC,20,28.532,1.853
7BLA_WCS,6,3.562,3.562
7BLG_GAL,7,3.42,3.42
7BMI_U4B,20,62.493,0.534
7BNH_BEZ,12,1.491,1.491
7BTT_F8R,16,24.103,2.949
7C0U_FGO,20,56.332,0.839
7C3U_AZG,19,2.61,2.61
7C6P_SQH,5,4.315,4.315
7C8Q_DSG,20,28.83,11.641
7CD9_FVR,20,6.864,6.864
7CIJ_G0C,20,1.859,1.859
7CL8_TES,20,2.058,2.058
7CNQ_G8X,20,29.684,15.852
7CNS_PMV,20,23.359,1.708
7CTM_BDP,20,12.61,12.61
7CUO_PHB,20,23.193,0.878
7D0P_1VU,20,1.23,1.23
7D5C_GV6,20,16.176,4.498
7D8Q_GZF,8,7.302,7.302
7D9L_GSF,11,18.264,8.311
7DIN_MPO,6,25.005,3.268
7DKT_GLF,20,2.914,2.914
7DQL_4CL,20,42.743,2.162
7DUA_HJ0,20,1.238,1.238
7E2S_BLA,15,3.781,3.781
7E4L_MDN,20,25.99,1.13
7EBG_J0L,20,28.697,0.855
7ECR_SIN,20,10.373,10.373
7ED2_A3P,20,6.97,6.97
7ELT_TYM,20,19.828,3.847
7EN7_J79,11,21.558,4.273
7EPV_FDA,20,4.718,4.718
7ES1_UDP,20,6.398,6.398
7F51_BA7,18,6.385,5.873
7F5D_EUO,4,2.284,2.284
7F8T_FAD,20,2.103,2.103
7FB7_8NF,20,48.374,0.663
7FHA_ADX,20,37.878,0.678
7FRX_O88,20,25.888,1.863
7FT9_4MB,20,24.589,4.422
7JG0_GAR,11,0.802,0.802
7JGW_V9S,9,2.051,2.051
7JHQ_VAJ,20,35.06,1.037
7JMV_4NC,19,0.823,0.823
7JNB_A2G,20,52.394,15.348
7JR8_VH7,20,23.817,1.775
7JUD_MMA,15,24.688,7.508
7JXX_VP7,19,1.778,1.778
7JY3_VUD,20,18.102,14.218
7K0V_VQP,20,42.632,1.37
7K41_VUA,20,2.7,2.7
7KB1_WBJ,20,0.524,0.524
7KC5_BJZ,18,50.563,4.635
7KFO_IAC,10,17.188,6.949
7KLX_WOV,16,31.229,2.827
7KM8_WPD,13,20.027,8.093
7KP6_WTP,20,43.436,2.451
7KQU_YOF,20,22.536,1.007
7KRU_ATP,20,15.616,7.064
7KZ9_XN7,20,50.188,3.584
7L00_XCJ,20,47.025,3.902
7L03_F9F,20,3.707,3.707
7L5F_XNG,12,1.57,1.57
7L6D_BMF,5,2.916,2.916
7L7C_XQ1,20,0.826,0.826
7L81_UD4,10,9.834,9.834
7LB3_XXS,9,24.187,4.202
7LCU_XTA,20,3.533,3.533
7LEV_0JO,20,23.896,1.592
7LJN_GTP,20,75.15,3.398
7LMO_NYO,20,5.658,5.658
7LOE_Y84,10,0.508,0.508
7LOU_IFM,20,54.449,7.285
7LT0_ONJ,13,5.973,5.973
7LZD_YHY,15,2.797,2.797
7LZQ_YJV,6,22.25,4.926
7M31_TDR,20,73.765,15.985
7M3H_YPV,20,32.707,7.709
7M41_YQG,14,5.18,5.18
7M6K_YRJ,20,28.396,12.605
7MAE_XUS,11,17.502,2.083
7MEU_MGP,20,21.12,4.396
7MFP_Z7P,20,5.193,5.193
7MGT_ZD4,12,17.822,4.753
7MGY_ZD1,20,77.834,3.261
7MMH_ZJY,10,25.726,6.951
7MOI_HPS,20,21.179,1.841
7MRH_ZMJ,20,2.491,2.491
7MS7_ZQ1,13,4.8,4.8
7MSR_DCA,20,5.537,5.537
7MWN_WI5,20,1.218,1.218
7MWU_ZPM,20,40.083,0.883
7MY1_IPE,16,11.242,4.769
7MYU_ZR7,20,2.966,2.966
7MZS_GLA,11,35.494,2.366
7N03_ZRP,9,0.75,0.75
7N4N_0BK,20,27.583,4.736
7N4W_P4V,13,6.122,6.122
7N6F_0I1,20,1.411,1.411
7N7B_T3F,20,36.737,4.596
7N7H_CTP,18,3.302,3.302
7NA4_1I9,6,6.244,6.244
7NB4_U6Q,11,4.809,4.809
7NF0_BYN,20,1.337,1.337
7NF3_4LU,20,1.122,1.122
7NFB_GEN,20,28.949,0.736
7NGW_UAW,10,3.715,3.715
7NLK_UHK,20,39.834,3.966
7NLV_UJE,20,1.373,1.373
7NML_I7B,14,26.43,20.821
7NP6_UK8,20,13.783,2.385
7NPL_UKZ,20,5.433,4.17
7NR6_UO8,17,23.808,1.618
7NR8_UOE,20,2.588,2.588
7NSW_HC4,20,13.101,0.796
7NTG_F6R,20,17.46,4.225
7NU0_DCL,20,5.807,2.543
7NUT_GLP,20,27.277,1.881
7NXO_UU8,20,34.767,5.448
7O0N_CDP,20,4.937,4.937
7O1T_5X8,20,0.845,0.845
7OCB_V88,12,17.747,6.133
7ODX_DGP,20,2.629,2.629
7ODY_DGI,20,28.275,5.348
7OEO_V9Z,5,4.294,4.294
7OFF_VCB,16,5.607,5.607
7OFK_VCH,20,1.483,1.483
7OKC_VFE,13,22.473,18.335
7OKF_VH5,6,25.681,6.721
7OLI_8HG,20,2.485,2.485
7OLT_58J,13,1.773,1.773
7OMJ_GCP,18,13.925,3.584
7OMX_CNA,11,8.27,4.303
7OP9_06K,20,68.682,1.748
7OPG_06N,20,60.986,2.361
7ORW_7WA,11,30.892,12.028
7OSO_0V1,20,25.766,0.821
7OU8_1XI,20,37.598,2.788
7OZ9_NGK,20,76.578,3.486
7OZC_G6S,20,30.659,8.537
7P1F_KFN,20,18.46,7.235
7P1M_4IU,16,26.314,8.387
7P2I_MFU,20,9.995,1.3
7P2W_4QR,11,2.79,2.79
7P4C_5OV,20,2.94,2.94
7P4J_5JK,20,6.293,6.293
7P4V_DAT,8,10.433,3.675
7P5T_5YG,20,1.212,1.212
7P85_5ZG,20,2.503,2.503
7PA4_C,20,5.227,5.227
7PGX_FMN,11,1.124,1.124
7PIH_7QW,20,29.807,4.325
7PJQ_OWH,20,28.134,1.176
7PK0_BYC,19,1.498,1.498
7PL1_SFG,10,18.198,5.389
7POM_7VZ,20,35.616,12.833
7PRI_7TI,20,31.5,1.478
7PRM_81I,16,6.992,5.319
7PT3_3KK,20,53.318,5.742
7PUV_84Z,20,22.218,3.881
7Q19_DSM,11,1.964,1.964
7Q25_8J9,20,3.299,3.299
7Q2B_M6H,15,4.991,4.991
7Q5I_I0F,20,31.116,4.15
7QE4_NGA,20,93.324,13.643
7QF4_RBF,4,2.238,2.238
7QFM_AY3,20,1.078,1.078
7QGP_DJ8,18,2.385,2.385
7QHG_T3B,20,31.348,2.002
7QHL_D5P,20,24.131,3.057
7QK0_EBL,10,24.323,7.534
7QPP_VDX,19,5.648,5.468
7QSW_CAP,20,66.442,2.042
7QTA_URI,20,3.709,3.211
7R3D_APR,20,40.907,6.624
7R59_I5F,20,18.456,6.219
7R6J_2I7,20,35.53,3.706
7R7R_AWJ,14,23.783,2.306
7R9N_F97,20,20.946,6.955
7RC3_SAH,20,4.995,4.995
7REE_4LY,16,6.71,6.71
7RH3_59O,9,28.194,5.4
7RH8_UTP,14,3.724,3.724
7RKW_5TV,20,5.018,5.018
7RNI_60I,20,5.042,5.042
7ROR_69X,20,57.125,5.95
7ROU_66I,20,2.863,2.863
7RPZ_6IC,8,2.302,2.302
7RSV_7IQ,20,27.193,2.638
7RUI_7QZ,8,4.332,4.332
7RWO_7WN,9,2.336,2.336
7RWS_4UR,11,12.621,3.516
7RZL_NPO,20,5.096,5.096
7S45_ACO,7,17.063,10.492
7S9H_7PP,13,3.426,3.426
7SCW_GSP,18,1.356,1.356
7SDD_4IP,16,10.23,3.709
7SED_8VD,18,2.081,2.081
7SFO_98L,20,0.84,0.84
7SGV_L30,18,23.474,5.052
7SIU_9ID,20,8.382,8.382
7SNE_9XR,20,49.063,1.31
7SSM_B7L,12,16.91,3.779
7SUC_COM,20,9.264,9.264
7SZA_DUI,20,2.116,2.116
7T0D_FPP,20,13.571,2.872
7T0U_E3I,20,53.162,3.578
7T1D_E7K,20,4.348,4.348
7T2I_E9F,15,4.053,4.053
7T3E_SLB,20,17.889,1.381
7T3F_EM0,11,5.101,5.101
7T9O_GEI,12,28.533,12.714
7TB0_UD1,20,55.645,3.004
7TBU_S3P,20,48.849,1.744
7TE8_P0T,20,35.7,2.734
7TH4_FFO,20,48.597,3.774
7THI_PGA,20,57.754,7.314
7TM6_GPJ,20,46.28,4.308
7TOM_5AD,20,26.386,6.921
7TS6_KMI,20,53.266,12.048
7TSF_H4B,20,3.213,3.213
7TUO_KL9,20,8.095,7.924
7TWC_CXS,20,10.431,5.551
7TXK_LW8,20,5.693,5.693
7TXP_0FX,7,17.559,9.314
7TYP_KUR,20,3.084,3.084
7U0U_FK5,20,6.876,3.49
7U3J_L6U,14,26.991,1.25
7UAS_MBU,20,50.778,5.05
7UAW_MF6,20,1.552,1.552
7UEY_N0R,20,13.335,13.335
7UF2_5SP,14,15.972,1.086
7UJ4_OQ4,20,32.46,6.144
7UJ5_DGL,20,10.048,10.048
7UJF_R3V,20,1.745,1.745
7ULC_56B,20,51.579,1.925
7UMV_NUU,5,2.602,2.602
7UMW_NAD,20,32.321,3.29
7UP3_NZ0,20,22.974,4.761
7UQ3_O2U,15,2.213,2.213
7USH_82V,5,3.69,3.69
7UTW_NAI,20,36.546,5.173
7UXS_OJC,20,16.993,1.885
7UY4_SMI,20,38.85,3.802
7UYB_OK0,10,1.864,1.864
7V14_ORU,11,21.744,4.373
7V3N_AKG,16,9.047,1.175
7V3S_5I9,16,2.567,2.567
7V43_C4O,20,0.518,0.518
7V8Z_5YH,20,2.569,2.569
7VB8_STL,20,2.091,2.091
7VBU_6I4,20,27.057,2.406
7VC5_9SF,20,4.487,4.487
7VJT_7IJ,20,14.139,1.573
7VKZ_NOJ,20,2.744,2.744
7VQ9_ISY,19,29.109,6.662
7VWF_K55,20,49.658,2.897
7VYJ_CA0,20,6.915,6.915
7W05_GMP,3,16.581,16.581
7W06_ITN,9,1.401,1.401
7W6F_8I6,14,2.547,2.547
7WCF_ACP,20,3.393,3.393
7WDT_NGS,20,14.27,0.911
7WJB_BGC,20,28.518,15.186
7WKL_CAQ,20,57.202,0.523
7WL4_JFU,20,31.952,0.951
7WN5_JGL,12,3.318,3.318
7WPW_F15,4,1.837,1.837
7WQQ_5Z6,18,2.859,2.859
7WUX_6OI,20,4.579,4.579
7WUY_76N,20,4.228,4.228
7X5N_5M5,20,17.334,11.262
7X9K_8OG,8,1.458,1.458
7XBV_APC,20,5.25,5.25
7XEK_9YX,20,32.023,2.02
7XFA_D9J,11,17.682,4.444
7XG5_PLP,20,28.358,1.395
7XI7_4RI,13,4.519,4.519
7XIJ_EJ3,11,5.764,4.845
7XJN_NSD,20,13.621,0.811
7XPO_UPG,20,49.101,6.722
7XQZ_FPF,20,2.128,2.128
7XRL_FWK,20,56.2,14.029
7YZU_DO7,18,12.473,0.984
7Z1Q_NIO,14,2.211,2.211
7Z2O_IAJ,20,3.981,3.981
7Z7F_IF3,16,1.251,1.251
7ZCC_OGA,20,63.318,3.763
7ZDY_6MJ,20,25.893,4.11
7ZF0_DHR,20,0.833,0.833
7ZHP_IQY,19,0.765,0.765
7ZL5_IWE,20,47.691,3.089
7ZOC_T8E,20,2.947,2.947
7ZTL_BCN,19,10.559,1.757
7ZU2_DHT,13,1.338,1.338
7ZXV_45D,20,1.856,1.856
7ZXZ_K9R,13,20.879,3.204
7ZYS_KNR,12,19.568,5.005
7ZZB_KGX,19,11.655,10.072
7ZZW_KKW,20,3.105,3.105
8A1H_DLZ,20,1.577,1.577
8A2D_KXY,16,6.923,6.923
8AAU_LH0,19,17.9,3.162
8ACL_LQL,17,5.36,5.36
8AEM_LVF,20,15.674,0.997
8AEU_M0L,6,13.353,13.353
8AIE_M7L,20,33.224,2.063
8AIJ_M9I,20,38.285,2.541
8AJX_FUM,20,15.125,9.761
8AP0_PRP,19,3.698,3.698
8AQL_PLG,20,46.028,0.526
8AUH_L9I,20,38.99,8.423
8AY3_OE3,20,1.731,1.731
8B8H_OJQ,20,35.937,4.301
8BN6_R53,12,3.064,3.064
8BOM_QU6,13,1.896,1.896
8BPL_CP,20,7.916,0.707
8BRO_R7E,1,37.446,37.446
8BTI_RFO,20,2.918,2.918
8C3N_ADP,18,32.751,4.891
8C5D_GTB,20,31.397,6.505
8C5M_MTA,20,29.736,0.712
8C7Y_TXV,20,25.68,6.693
8CGC_LMR,20,20.709,10.445
8CI0_8EL,20,100.325,3.656
8CNH_V6U,20,6.069,6.069
8CSD_C5P,20,1.384,1.384
8D19_GSH,20,45.549,13.194
8D39_QDB,20,1.219,1.219
8D5D_5DK,20,2.693,2.693
8DHG_T78,20,9.288,8.738
8DKO_TFB,20,23.059,8.369
8DP2_UMA,20,23.196,5.654
8DSC_NCA,20,36.381,3.403
8DW5_FQ7,5,9.574,4.929
8DZT_G4P,18,3.093,3.093
8E77_ULP,20,4.269,4.269
8EAB_VN2,18,2.16,2.16
8EAD_UY0,9,4.944,4.944
8ERS_WQO,13,1.984,1.984
8EX2_Q2Q,13,1.284,1.284
8EXL_799,20,2.943,2.943
8EYE_X4I,20,4.021,4.021
8F4J_PHO,20,26.533,6.768
8F8E_XJI,20,2.43,2.43
8FAV_4Y5,20,70.713,0.751
8FLN_Y7W,17,13.645,1.628
8FLV_ZB9,18,5.504,4.424
8FO5_Y4U,20,0.674,0.674
8FV9_80J,20,25.388,12.978
8G0V_YHT,20,40.72,12.478
8G43_ZU6,3,1.47,1.47
8G6P_API,20,14.063,9.011
8GFD_ZHR,20,13.945,11.463
8H0M_2EH,20,4.718,4.718
8HFN_XGC,20,5.839,5.839
8HO0_3ZI,20,3.117,3.117
8SLG_G5A,20,23.409,3.011
