case,detector,n_pockets,rho_det_energy,rank_true_det,rank_true_energy,rank_true_fusion,synergy,equal_best,worse_best,err_top1,err_energy,err_fusion,hit_top1,hit_energy,hit_fusion
5SAK_ZRY,P2Rank,5,0.872,0,0,0,0,1,0,2.67,2.67,2.67,1,1,1
5SB2_1K2,P2Rank,5,0.462,0,0,0,0,1,0,3.762,3.762,3.762,1,1,1
5SD5_HWI,P2Rank,3,1.0,0,0,0,0,1,0,5.767,5.767,5.767,0,0,0
5SIS_JSM,P2Rank,5,0.7,0,0,0,0,1,0,5.091,5.091,5.091,0,0,0
6M2B_EZO,P2Rank,2,1.0,0,0,0,0,1,0,6.908,6.908,6.908,0,0,0
6M73_FNR,P2Rank,5,0.9,0,0,0,0,1,0,0.911,0.911,0.911,1,1,1
6T88_MWQ,P2Rank,5,0.051,0,0,0,0,1,0,6.209,6.209,6.209,0,0,0
6TW5_9M2,P2Rank,20,0.575,0,1,0,0,1,0,4.433,67.051,4.433,0,0,0
6TW7_NZB,P2Rank,6,0.493,0,0,0,0,1,0,2.027,2.027,2.027,1,1,1
6VS3_R6V,P2Rank,10,0.888,2,1,1,0,1,0,15.185,41.557,41.557,0,0,0
6VTA_AKN,P2Rank,8,0.786,1,0,0,0,1,0,38.856,7.929,7.929,0,0,0
6W59_SZD,P2Rank,8,0.515,6,4,5,0,0,1,26.481,26.481,26.481,0,0,0
6WTN_RXT,P2Rank,4,0.894,1,1,1,0,1,0,8.526,8.526,8.526,0,0,0
6XAF_GDP,P2Rank,6,0.383,5,0,1,0,0,1,4.72,3.578,4.72,0,1,0
6XBO_5MC,P2Rank,4,0.8,0,0,0,0,1,0,4.152,4.152,4.152,0,0,0
6XCT_478,P2Rank,5,0.5,0,0,0,0,1,0,1.902,1.902,1.902,1,1,1
6XG5_TOP,P2Rank,2,1.0,0,0,0,0,1,0,4.949,4.949,4.949,0,0,0
6XHT_V2V,P2Rank,20,0.701,12,1,5,0,0,1,80.031,90.304,16.367,0,0,0
6XM9_V55,P2Rank,7,0.108,0,1,0,0,1,0,7.17,8.649,7.17,0,0,0
6XUM_30L,P2Rank,3,1.0,0,0,0,0,1,0,4.538,4.538,4.538,0,0,0
6YDY_K73,P2Rank,2,1.0,0,0,0,0,1,0,4.905,4.905,4.905,0,0,0
6YJA_2BA,P2Rank,6,0.059,3,1,2,0,0,1,19.557,5.245,5.245,0,0,0
6YMS_OZH,P2Rank,4,0.2,0,0,0,0,1,0,1.984,1.984,1.984,1,1,1
6YQV_8K2,P2Rank,3,1.0,0,0,0,0,1,0,4.248,4.248,4.248,0,0,0
6YR2_T1C,P2Rank,6,0.116,0,0,0,0,1,0,1.307,1.307,1.307,1,1,1
6YRV_PJ8,P2Rank,4,0.949,1,1,1,0,1,0,14.174,14.174,14.174,0,0,0
6YSP_PAL,P2Rank,15,0.818,1,0,0,0,1,0,32.33,0.939,0.939,0,1,1
6YT6_PKE,P2Rank,7,0.09,0,2,1,0,0,1,2.346,43.972,43.972,1,0,0
6YYO_Q1K,P2Rank,5,0.7,0,0,0,0,1,0,5.644,5.644,5.644,0,0,0
6Z0R_Q4H,P2Rank,5,0.527,0,2,1,0,0,1,2.275,24.683,24.683,1,0,0
6Z14_Q4Z,P2Rank,10,0.508,0,0,0,0,1,0,2.033,2.033,2.033,1,1,1
6Z1C_7EY,P2Rank,2,1.0,0,0,0,0,1,0,1.131,1.131,1.131,1,1,1
6Z2C_Q5E,P2Rank,11,0.219,1,0,0,0,1,0,44.297,0.957,0.957,0,1,1
6Z4N_Q7B,P2Rank,8,0.098,1,6,4,0,0,1,34.171,34.171,34.171,0,0,0
6ZAE_ACV,P2Rank,2,1.0,0,0,0,0,1,0,0.718,0.718,0.718,1,1,1
6ZK5_IMH,P2Rank,6,0.429,0,1,1,0,0,1,2.979,34.541,34.541,1,0,0
6ZPB_3D1,P2Rank,2,1.0,0,0,0,0,1,0,7.024,7.024,7.024,0,0,0
6ZT2_QPK,P2Rank,6,0.029,0,0,0,0,1,0,2.163,2.163,2.163,1,1,1
6ZX3_QRZ,P2Rank,3,1.0,0,0,0,0,1,0,0.502,0.502,0.502,1,1,1
6ZXQ_IMO,P2Rank,6,0.754,0,0,0,0,1,0,2.778,2.778,2.778,1,1,1
7A1P_QW2,P2Rank,7,0.487,0,0,0,0,1,0,0.433,0.433,0.433,1,1,1
7A9E_R4W,P2Rank,6,0.435,1,3,2,0,0,1,19.386,19.386,19.386,0,0,0
7A9H_TPP,P2Rank,17,0.605,0,0,0,0,1,0,1.982,1.982,1.982,1,1,1
7AA0_R6B,P2Rank,2,1.0,0,1,1,0,0,1,6.784,37.136,37.136,0,0,0
7AFX_R9K,P2Rank,6,0.319,0,0,0,0,1,0,7.177,7.177,7.177,0,0,0
7AKL_RK5,P2Rank,4,1.0,0,0,0,0,1,0,0.955,0.955,0.955,1,1,1
7AMC_73B,P2Rank,6,0.657,1,2,2,0,0,1,25.674,32.863,25.674,0,0,0
7AN5_RDH,P2Rank,7,0.821,0,0,0,0,1,0,0.993,0.993,0.993,1,1,1
7AS1_21G,P2Rank,2,1.0,0,0,0,0,1,0,1.379,1.379,1.379,1,1,1
7AVI_S2Q,P2Rank,13,0.073,2,0,0,0,1,0,79.509,3.787,3.787,0,1,1
7B0E_C2E,P2Rank,3,0.866,1,1,1,0,1,0,15.925,15.925,15.925,0,0,0
7B94_ANP,P2Rank,8,0.905,1,0,0,0,1,0,25.392,2.051,2.051,0,1,1
7BA0_T5H,P2Rank,2,1.0,0,0,0,0,1,0,3.471,3.471,3.471,1,1,1
7BCP_GCO,P2Rank,3,1.0,0,0,0,0,1,0,0.988,0.988,0.988,1,1,1
7BHX_TO5,P2Rank,6,0.486,2,0,1,0,0,1,33.18,11.586,33.18,0,0,0
7BJJ_TVW,P2Rank,3,0.5,0,0,0,0,1,0,2.748,2.748,2.748,1,1,1
7BKA_4JC,P2Rank,16,0.542,7,1,3,0,0,1,22.117,45.337,45.337,0,0,0
7BMI_U4B,P2Rank,4,0.105,0,0,0,0,1,0,0.417,0.417,0.417,1,1,1
7BNH_BEZ,P2Rank,6,0.395,0,0,0,0,1,0,3.024,3.024,3.024,1,1,1
7BTT_F8R,P2Rank,5,0.9,1,0,0,0,1,0,12.477,3.082,3.082,0,1,1
7C0U_FGO,P2Rank,4,0.8,1,1,1,0,1,0,59.226,59.226,59.226,0,0,0
7C3U_AZG,P2Rank,3,0.866,1,0,0,0,1,0,23.008,2.93,2.93,0,1,1
7C8Q_DSG,P2Rank,5,0.4,2,1,1,0,1,0,18.399,36.774,36.774,0,0,0
7CD9_FVR,P2Rank,9,0.75,0,0,0,0,1,0,1.976,1.976,1.976,1,1,1
7CIJ_G0C,P2Rank,20,0.38,1,0,0,0,1,0,26.775,1.027,1.027,0,1,1
7CL8_TES,P2Rank,7,0.321,0,0,0,0,1,0,4.917,4.917,4.917,0,0,0
7CNQ_G8X,P2Rank,20,0.443,2,4,2,0,1,0,44.823,60.257,53.757,0,0,0
7CNS_PMV,P2Rank,6,0.82,0,0,0,0,1,0,2.928,2.928,2.928,1,1,1
7CTM_BDP,P2Rank,4,0.949,0,0,0,0,1,0,6.859,6.859,6.859,0,0,0
7CUO_PHB,P2Rank,5,0.6,0,1,1,0,0,1,0.724,38.41,38.41,1,0,0
7D0P_1VU,P2Rank,6,0.371,0,0,0,0,1,0,4.676,4.676,4.676,0,0,0
7D5C_GV6,P2Rank,13,0.656,0,0,0,0,1,0,5.89,5.89,5.89,0,0,0
7D8Q_GZF,P2Rank,3,0.5,0,0,0,0,1,0,5.75,5.75,5.75,0,0,0
7D9L_GSF,P2Rank,2,1.0,0,0,0,0,1,0,6.182,6.182,6.182,0,0,0
7DKT_GLF,P2Rank,13,0.699,0,0,0,0,1,0,2.687,2.687,2.687,1,1,1
7DQL_4CL,P2Rank,3,0.0,1,2,2,0,0,1,22.166,22.166,22.166,0,0,0
7DUA_HJ0,P2Rank,9,0.8,1,1,1,0,1,0,31.161,31.161,31.161,0,0,0
7E2S_BLA,P2Rank,4,0.0,1,0,0,0,1,0,9.738,5.526,5.526,0,0,0
7E4L_MDN,P2Rank,4,0.949,0,0,0,0,1,0,4.997,4.997,4.997,0,0,0
7EBG_J0L,P2Rank,10,0.208,5,0,1,0,0,1,30.094,2.837,30.094,0,1,0
7ECR_SIN,P2Rank,20,0.515,1,0,0,0,1,0,38.743,8.721,8.721,0,0,0
7ED2_A3P,P2Rank,5,0.9,0,1,1,0,0,1,1.631,16.094,16.094,1,0,0
7ELT_TYM,P2Rank,4,0.949,0,0,0,0,1,0,1.16,1.16,1.16,1,1,1
7EN7_J79,P2Rank,2,1.0,0,0,0,0,1,0,3.839,3.839,3.839,1,1,1
7EPV_FDA,P2Rank,5,0.41,1,0,0,0,1,0,12.266,2.242,2.242,0,1,1
7ES1_UDP,P2Rank,3,0.5,0,0,0,0,1,0,7.471,7.471,7.471,0,0,0
7F51_BA7,P2Rank,2,1.0,0,1,1,0,0,1,5.509,8.501,8.501,0,0,0
7F8T_FAD,P2Rank,11,0.328,0,0,0,0,1,0,1.916,1.916,1.916,1,1,1
7FB7_8NF,P2Rank,5,0.205,0,0,0,0,1,0,0.693,0.693,0.693,1,1,1
7FHA_ADX,P2Rank,10,0.474,1,1,1,0,1,0,48.341,48.341,48.341,0,0,0
7FRX_O88,P2Rank,20,0.412,3,3,3,0,1,0,27.077,27.077,27.077,0,0,0
7FT9_4MB,P2Rank,11,0.383,0,3,0,0,1,0,1.645,37.291,1.645,1,0,1
7JGW_V9S,P2Rank,2,1.0,0,0,0,0,1,0,2.44,2.44,2.44,1,1,1
7JHQ_VAJ,P2Rank,13,0.424,3,0,0,0,1,0,36.755,1.377,1.377,0,1,1
7JMV_4NC,P2Rank,3,1.0,0,0,0,0,1,0,0.847,0.847,0.847,1,1,1
7JNB_A2G,P2Rank,3,1.0,1,1,1,0,1,0,31.767,51.059,51.059,0,0,0
7JR8_VH7,P2Rank,17,0.201,0,3,1,0,0,1,9.224,16.874,23.866,0,0,0
7JUD_MMA,P2Rank,6,0.812,5,4,5,0,0,1,17.654,17.654,17.654,0,0,0
7JXX_VP7,P2Rank,3,0.5,0,0,0,0,1,0,1.82,1.82,1.82,1,1,1
7JY3_VUD,P2Rank,19,0.13,9,2,3,0,0,1,19.766,16.167,16.167,0,0,0
7K0V_VQP,P2Rank,20,0.813,3,9,6,0,0,1,34.292,7.04,34.292,0,0,0
7K41_VUA,P2Rank,9,0.586,0,0,0,0,1,0,4.065,4.065,4.065,0,0,0
7KB1_WBJ,P2Rank,20,0.527,1,0,0,0,1,0,29.528,1.411,1.411,0,1,1
7KC5_BJZ,P2Rank,5,0.6,1,0,0,0,1,0,49.644,3.401,3.401,0,1,1
7KLX_WOV,P2Rank,3,0.5,2,2,2,0,1,0,26.154,30.459,30.459,0,0,0
7KM8_WPD,P2Rank,4,0.2,3,0,1,0,0,1,9.806,8.926,9.806,0,0,0
7KP6_WTP,P2Rank,8,0.431,0,1,1,0,0,1,3.392,44.786,44.786,1,0,0
7KQU_YOF,P2Rank,8,0.548,1,0,0,0,1,0,30.044,3.824,3.824,0,1,1
7KRU_ATP,P2Rank,15,0.582,0,1,1,0,0,1,3.482,27.533,27.533,1,0,0
7KZ9_XN7,P2Rank,13,0.378,2,5,3,0,0,1,11.98,56.277,11.98,0,0,0
7L00_XCJ,P2Rank,15,0.721,3,1,1,0,1,0,30.925,30.925,30.925,0,0,0
7L03_F9F,P2Rank,9,0.22,1,0,0,0,1,0,31.696,0.679,0.679,0,1,1
7L5F_XNG,P2Rank,4,0.8,0,0,0,0,1,0,2.051,2.051,2.051,1,1,1
7L7C_XQ1,P2Rank,8,0.898,0,0,0,0,1,0,1.644,1.644,1.644,1,1,1
7LCU_XTA,P2Rank,7,0.179,1,0,0,0,1,0,16.688,3.652,3.652,0,1,1
7LEV_0JO,P2Rank,8,0.19,0,0,0,0,1,0,3.576,3.576,3.576,1,1,1
7LJN_GTP,P2Rank,20,0.682,0,2,1,0,0,1,1.395,42.798,95.688,1,0,0
7LMO_NYO,P2Rank,5,0.9,0,0,0,0,1,0,5.695,5.695,5.695,0,0,0
7LOE_Y84,P2Rank,4,0.258,0,0,0,0,1,0,0.915,0.915,0.915,1,1,1
7LOU_IFM,P2Rank,13,0.28,0,0,0,0,1,0,3.243,3.243,3.243,1,1,1
7LT0_ONJ,P2Rank,3,0.5,0,0,0,0,1,0,3.919,3.919,3.919,1,1,1
7LZD_YHY,P2Rank,3,1.0,0,0,0,0,1,0,5.021,5.021,5.021,0,0,0
7M31_TDR,P2Rank,20,0.53,0,2,0,0,1,0,15.92,67.748,15.92,0,0,0
7M3H_YPV,P2Rank,20,0.435,1,0,0,0,1,0,32.447,4.181,4.181,0,0,0
7M41_YQG,P2Rank,5,0.2,3,3,3,0,1,0,16.433,23.69,25.966,0,0,0
7M6K_YRJ,P2Rank,8,0.786,1,0,0,0,1,0,32.651,2.928,2.928,0,1,1
7MEU_MGP,P2Rank,7,0.414,0,1,0,0,1,0,3.906,31.245,3.906,1,0,1
7MFP_Z7P,P2Rank,20,0.125,1,3,2,0,0,1,52.974,29.083,52.974,0,0,0
7MGT_ZD4,P2Rank,5,0.5,0,0,0,0,1,0,3.541,3.541,3.541,1,1,1
7MGY_ZD1,P2Rank,20,0.496,0,0,0,0,1,0,2.067,2.067,2.067,1,1,1
7MMH_ZJY,P2Rank,4,0.8,0,0,0,0,1,0,5.662,5.662,5.662,0,0,0
7MOI_HPS,P2Rank,4,0.8,2,0,0,0,1,0,21.705,1.13,1.13,0,1,1
7MRH_ZMJ,P2Rank,5,0.821,1,1,1,0,1,0,25.669,25.669,25.669,0,0,0
7MS7_ZQ1,P2Rank,2,1.0,0,0,0,0,1,0,4.987,4.987,4.987,0,0,0
7MSR_DCA,P2Rank,12,0.418,6,6,6,0,1,0,13.891,34.424,13.891,0,0,0
7MWN_WI5,P2Rank,2,1.0,0,0,0,0,1,0,1.975,1.975,1.975,1,1,1
7MWU_ZPM,P2Rank,4,0.8,0,0,0,0,1,0,7.272,7.272,7.272,0,0,0
7MY1_IPE,P2Rank,5,0.667,0,1,0,0,1,0,5.375,10.427,5.375,0,0,0
7MYU_ZR7,P2Rank,10,0.869,1,1,1,0,1,0,48.031,48.031,48.031,0,0,0
7N4N_0BK,P2Rank,8,0.429,0,1,0,0,1,0,2.195,9.39,2.195,1,0,1
7N6F_0I1,P2Rank,7,0.378,0,0,0,0,1,0,3.584,3.584,3.584,1,1,1
7N7B_T3F,P2Rank,11,0.491,0,0,0,0,1,0,3.362,3.362,3.362,1,1,1
7N7H_CTP,P2Rank,3,1.0,0,0,0,0,1,0,4.495,4.495,4.495,0,0,0
7NF0_BYN,P2Rank,11,0.662,1,0,0,0,1,0,47.856,1.178,1.178,0,1,1
7NF3_4LU,P2Rank,13,0.631,0,0,0,0,1,0,1.266,1.266,1.266,1,1,1
7NFB_GEN,P2Rank,6,0.493,1,2,1,0,1,0,28.752,28.752,28.752,0,0,0
7NLK_UHK,P2Rank,13,0.401,1,1,1,0,1,0,41.725,41.725,41.725,0,0,0
7NLV_UJE,P2Rank,8,0.952,2,2,2,0,1,0,27.932,20.125,20.125,0,0,0
7NML_I7B,P2Rank,5,0.58,1,1,0,1,0,0,35.988,26.793,26.089,0,0,0
7NP6_UK8,P2Rank,4,0.8,1,0,0,0,1,0,13.425,0.601,0.601,0,1,1
7NPL_UKZ,P2Rank,3,1.0,0,0,0,0,1,0,2.828,2.828,2.828,1,1,1
7NR6_UO8,P2Rank,5,0.224,1,0,0,0,1,0,25.154,0.713,0.713,0,1,1
7NR8_UOE,P2Rank,4,0.4,0,0,0,0,1,0,2.111,2.111,2.111,1,1,1
7NSW_HC4,P2Rank,8,0.655,0,1,0,0,1,0,0.847,38.213,0.847,1,0,1
7NU0_DCL,P2Rank,10,0.067,0,0,0,0,1,0,4.361,4.361,4.361,0,0,0
7NUT_GLP,P2Rank,9,0.477,0,0,0,0,1,0,0.675,0.675,0.675,1,1,1
7NXO_UU8,P2Rank,12,0.33,1,1,1,0,1,0,32.34,32.34,32.34,0,0,0
7O0N_CDP,P2Rank,2,1.0,0,1,1,0,0,1,5.407,11.325,11.325,0,0,0
7O1T_5X8,P2Rank,6,1.0,0,0,0,0,1,0,2.212,2.212,2.212,1,1,1
7OCB_V88,P2Rank,6,0.143,1,0,0,0,1,0,16.456,4.03,4.03,0,0,0
7ODX_DGP,P2Rank,2,1.0,0,0,0,0,1,0,3.363,3.363,3.363,1,1,1
7ODY_DGI,P2Rank,5,0.667,3,2,3,0,0,1,17.306,17.306,17.306,0,0,0
7OFF_VCB,P2Rank,3,1.0,0,0,0,0,1,0,11.602,11.602,11.602,0,0,0
7OFK_VCH,P2Rank,2,1.0,0,0,0,0,1,0,2.993,2.993,2.993,1,1,1
7OKC_VFE,P2Rank,3,0.5,1,0,0,0,1,0,21.819,20.681,20.681,0,0,0
7OLI_8HG,P2Rank,3,0.5,1,0,0,0,1,0,41.861,1.373,1.373,0,1,1
7OLT_58J,P2Rank,5,0.158,0,0,0,0,1,0,3.407,3.407,3.407,1,1,1
7OMJ_GCP,P2Rank,4,0.8,0,0,0,0,1,0,1.97,1.97,1.97,1,1,1
7OMX_CNA,P2Rank,2,1.0,0,0,0,0,1,0,3.862,3.862,3.862,1,1,1
7OP9_06K,P2Rank,20,0.832,1,5,2,0,0,1,68.953,68.953,68.953,0,0,0
7OPG_06N,P2Rank,17,0.546,1,3,1,0,1,0,41.048,41.048,41.048,0,0,0
7ORW_7WA,P2Rank,2,1.0,1,1,1,0,1,0,24.412,24.412,24.412,0,0,0
7OSO_0V1,P2Rank,5,0.3,0,2,1,0,0,1,4.335,8.693,8.693,0,0,0
7OU8_1XI,P2Rank,20,0.186,1,5,2,0,0,1,66.011,66.011,66.011,0,0,0
7OZ9_NGK,P2Rank,10,0.9,1,0,0,0,1,0,76.444,1.652,1.652,0,1,1
7OZC_G6S,P2Rank,6,0.319,0,0,0,0,1,0,0.822,0.822,0.822,1,1,1
7P1F_KFN,P2Rank,14,0.429,2,0,0,0,1,0,28.538,3.381,3.381,0,1,1
7P1M_4IU,P2Rank,3,1.0,1,1,1,0,1,0,20.284,20.284,20.284,0,0,0
7P2I_MFU,P2Rank,10,0.985,3,3,3,0,1,0,29.18,29.18,29.18,0,0,0
7P2W_4QR,P2Rank,2,1.0,0,0,0,0,1,0,3.593,3.593,3.593,1,1,1
7P4C_5OV,P2Rank,8,0.429,0,0,0,0,1,0,1.066,1.066,1.066,1,1,1
7P4J_5JK,P2Rank,17,0.622,0,0,0,0,1,0,6.992,6.992,6.992,0,0,0
7P5T_5YG,P2Rank,4,1.0,0,0,0,0,1,0,5.589,5.589,5.589,0,0,0
7P85_5ZG,P2Rank,3,0.866,0,0,0,0,1,0,1.479,1.479,1.479,1,1,1
7PA4_C,P2Rank,9,0.351,2,5,3,0,0,1,16.215,18.114,18.114,0,0,0
7PIH_7QW,P2Rank,4,1.0,0,0,0,0,1,0,3.188,3.188,3.188,1,1,1
7PJQ_OWH,P2Rank,7,0.0,0,0,0,0,1,0,0.89,0.89,0.89,1,1,1
7PK0_BYC,P2Rank,5,0.359,0,0,0,0,1,0,6.862,6.862,6.862,0,0,0
7PL1_SFG,P2Rank,4,0.8,0,0,0,0,1,0,3.368,3.368,3.368,1,1,1
7POM_7VZ,P2Rank,19,0.656,3,3,1,1,0,0,27.97,25.363,27.97,0,0,0
7PRI_7TI,P2Rank,9,0.513,0,1,1,0,0,1,1.568,51.088,51.088,1,0,0
7PRM_81I,P2Rank,2,1.0,0,0,0,0,1,0,1.888,1.888,1.888,1,1,1
7PT3_3KK,P2Rank,19,0.512,1,3,1,0,1,0,45.141,59.496,59.496,0,0,0
7PUV_84Z,P2Rank,19,0.777,5,4,4,0,1,0,22.251,47.292,47.292,0,0,0
7Q25_8J9,P2Rank,20,0.349,1,0,0,0,1,0,54.072,2.16,2.16,0,1,1
7Q5I_I0F,P2Rank,15,0.134,0,0,0,0,1,0,1.101,1.101,1.101,1,1,1
7QE4_NGA,P2Rank,7,0.45,1,4,2,0,0,1,27.326,27.326,27.326,0,0,0
7QFM_AY3,P2Rank,4,0.8,0,0,0,0,1,0,0.698,0.698,0.698,1,1,1
7QGP_DJ8,P2Rank,4,0.632,0,0,0,0,1,0,0.346,0.346,0.346,1,1,1
7QHG_T3B,P2Rank,13,0.39,1,1,1,0,1,0,31.338,31.338,31.338,0,0,0
7QHL_D5P,P2Rank,20,0.209,2,0,0,0,1,0,18.35,4.516,4.516,0,0,0
7QPP_VDX,P2Rank,4,1.0,0,0,0,0,1,0,0.955,0.955,0.955,1,1,1
7QSW_CAP,P2Rank,20,0.327,1,3,2,0,0,1,56.299,56.299,56.299,0,0,0
7QTA_URI,P2Rank,7,0.286,0,2,1,0,0,1,10.711,36.182,36.182,0,0,0
7R3D_APR,P2Rank,11,0.955,1,1,1,0,1,0,43.992,43.992,43.992,0,0,0
7R59_I5F,P2Rank,3,0.5,0,0,0,0,1,0,7.554,7.554,7.554,0,0,0
7R6J_2I7,P2Rank,20,0.508,1,6,4,0,0,1,43.31,34.674,43.31,0,0,0
7R7R_AWJ,P2Rank,3,0.5,0,0,0,0,1,0,2.607,2.607,2.607,1,1,1
7R9N_F97,P2Rank,18,0.629,1,1,1,0,1,0,55.981,55.981,55.981,0,0,0
7RC3_SAH,P2Rank,6,0.829,1,0,0,0,1,0,12.034,1.591,1.591,0,1,1
7REE_4LY,P2Rank,6,0.203,0,0,0,0,1,0,5.562,5.562,5.562,0,0,0
7RH8_UTP,P2Rank,2,1.0,1,1,1,0,1,0,27.6,27.6,27.6,0,0,0
7RKW_5TV,P2Rank,5,0.821,0,0,0,0,1,0,3.47,3.47,3.47,1,1,1
7RNI_60I,P2Rank,14,0.621,0,0,0,0,1,0,2.623,2.623,2.623,1,1,1
7ROR_69X,P2Rank,12,0.69,1,1,0,1,0,0,42.619,36.395,2.895,0,0,1
7ROU_66I,P2Rank,5,0.9,0,0,0,0,1,0,0.888,0.888,0.888,1,1,1
7RPZ_6IC,P2Rank,3,0.5,1,0,0,0,1,0,15.699,3.462,3.462,0,1,1
7RSV_7IQ,P2Rank,14,0.767,1,2,1,0,1,0,26.924,26.924,26.924,0,0,0
7RWS_4UR,P2Rank,5,0.154,1,0,0,0,1,0,20.952,5.194,5.194,0,0,0
7RZL_NPO,P2Rank,11,0.32,0,0,0,0,1,0,4.93,4.93,4.93,0,0,0
7S9H_7PP,P2Rank,2,1.0,0,0,0,0,1,0,3.037,3.037,3.037,1,1,1
7SCW_GSP,P2Rank,5,0.1,0,0,0,0,1,0,1.68,1.68,1.68,1,1,1
7SDD_4IP,P2Rank,3,1.0,0,0,0,0,1,0,1.891,1.891,1.891,1,1,1
7SFO_98L,P2Rank,9,0.736,1,0,0,0,1,0,28.807,0.496,0.496,0,1,1
7SGV_L30,P2Rank,2,1.0,0,0,0,0,1,0,2.833,2.833,2.833,1,1,1
7SIU_9ID,P2Rank,11,0.703,3,1,1,0,1,0,40.926,40.926,40.926,0,0,0
7SNE_9XR,P2Rank,16,0.765,3,0,0,0,1,0,21.514,2.46,2.46,0,1,1
7SUC_COM,P2Rank,20,0.351,1,4,3,0,0,1,46.89,46.89,46.89,0,0,0
7SZA_DUI,P2Rank,12,0.453,1,0,0,0,1,0,12.167,1.777,1.777,0,1,1
7T0D_FPP,P2Rank,14,0.419,0,0,0,0,1,0,5.961,5.961,5.961,0,0,0
7T0U_E3I,P2Rank,9,0.617,3,4,3,0,1,0,43.866,24.608,24.608,0,0,0
7T1D_E7K,P2Rank,8,0.599,0,0,0,0,1,0,3.131,3.131,3.131,1,1,1
7T2I_E9F,P2Rank,3,0.5,1,0,0,0,1,0,22.257,5.483,5.483,0,0,0
7T3E_SLB,P2Rank,11,0.581,1,1,1,0,1,0,36.953,36.953,36.953,0,0,0
7T3F_EM0,P2Rank,2,1.0,0,0,0,0,1,0,5.689,5.689,5.689,0,0,0
7TB0_UD1,P2Rank,15,0.769,1,3,3,0,0,1,75.603,75.603,75.603,0,0,0
7TBU_S3P,P2Rank,8,0.539,2,0,0,0,1,0,23.797,8.169,8.169,0,0,0
7TE8_P0T,P2Rank,5,0.564,1,1,1,0,1,0,34.001,34.001,34.001,0,0,0
7TH4_FFO,P2Rank,4,0.316,0,1,0,0,1,0,10.686,25.608,10.686,0,0,0
7THI_PGA,P2Rank,9,0.51,0,1,1,0,0,1,3.08,45.703,45.703,1,0,0
7TM6_GPJ,P2Rank,11,0.842,0,2,1,0,0,1,3.747,55.444,55.444,1,0,0
7TOM_5AD,P2Rank,5,0.872,0,4,2,0,0,1,15.01,26.113,26.113,0,0,0
7TS6_KMI,P2Rank,20,0.491,3,1,1,0,1,0,32.599,73.127,73.127,0,0,0
7TSF_H4B,P2Rank,11,0.522,2,5,4,0,0,1,11.996,11.996,11.996,0,0,0
7TUO_KL9,P2Rank,3,1.0,0,0,0,0,1,0,5.774,5.774,5.774,0,0,0
7TWC_CXS,P2Rank,5,0.671,0,0,0,0,1,0,7.987,7.987,7.987,0,0,0
7TXK_LW8,P2Rank,5,0.0,0,2,1,0,0,1,0.559,36.485,36.485,1,0,0
7TXP_0FX,P2Rank,2,1.0,0,0,0,0,1,0,2.033,2.033,2.033,1,1,1
7TYP_KUR,P2Rank,6,1.0,1,1,1,0,1,0,23.143,23.143,23.143,0,0,0
7U0U_FK5,P2Rank,3,1.0,0,0,0,0,1,0,2.244,2.244,2.244,1,1,1
7U3J_L6U,P2Rank,4,1.0,0,0,0,0,1,0,2.549,2.549,2.549,1,1,1
7UAS_MBU,P2Rank,10,0.578,1,2,1,0,1,0,45.044,45.044,45.044,0,0,0
7UAW_MF6,P2Rank,2,1.0,1,1,1,0,1,0,31.304,31.304,31.304,0,0,0
7UEY_N0R,P2Rank,7,0.643,0,4,2,0,0,1,13.573,31.029,31.029,0,0,0
7UF2_5SP,P2Rank,3,0.866,0,0,0,0,1,0,1.018,1.018,1.018,1,1,1
7UJ4_OQ4,P2Rank,15,0.514,0,1,1,0,0,1,5.744,35.728,35.728,0,0,0
7UJ5_DGL,P2Rank,19,0.659,1,2,2,0,0,1,42.841,42.841,42.841,0,0,0
7UJF_R3V,P2Rank,19,0.506,2,1,1,0,1,0,49.045,56.934,56.934,0,0,0
7ULC_56B,P2Rank,6,0.928,1,0,0,0,1,0,48.079,1.224,1.224,0,1,1
7UMV_NUU,P2Rank,2,1.0,0,0,0,0,1,0,2.723,2.723,2.723,1,1,1
7UMW_NAD,P2Rank,7,0.559,0,0,0,0,1,0,4.422,4.422,4.422,0,0,0
7UP3_NZ0,P2Rank,7,0.234,1,0,0,0,1,0,31.806,1.831,1.831,0,1,1
7UTW_NAI,P2Rank,11,0.556,1,0,0,0,1,0,37.814,2.637,2.637,0,1,1
7UXS_OJC,P2Rank,10,0.35,1,3,2,0,0,1,18.81,18.81,18.81,0,0,0
7UY4_SMI,P2Rank,4,0.8,0,0,0,0,1,0,5.717,5.717,5.717,0,0,0
7UYB_OK0,P2Rank,2,1.0,0,0,0,0,1,0,0.923,0.923,0.923,1,1,1
7V14_ORU,P2Rank,5,0.718,0,0,0,0,1,0,3.803,3.803,3.803,1,1,1
7V3N_AKG,P2Rank,5,0.6,0,0,0,0,1,0,6.095,6.095,6.095,0,0,0
7V3S_5I9,P2Rank,5,0.975,0,0,0,0,1,0,3.253,3.253,3.253,1,1,1
7V43_C4O,P2Rank,7,0.782,0,0,0,0,1,0,4.035,4.035,4.035,0,0,0
7V8Z_5YH,P2Rank,9,0.336,0,3,1,0,0,1,6.209,14.53,18.083,0,0,0
7VB8_STL,P2Rank,9,0.678,1,1,1,0,1,0,35.408,35.408,35.408,0,0,0
7VBU_6I4,P2Rank,5,0.6,2,0,1,0,0,1,26.226,1.327,26.226,0,1,0
7VC5_9SF,P2Rank,6,0.232,0,0,0,0,1,0,4.565,4.565,4.565,0,0,0
7VJT_7IJ,P2Rank,12,0.309,0,0,0,0,1,0,10.338,10.338,10.338,0,0,0
7VKZ_NOJ,P2Rank,20,0.523,1,0,0,0,1,0,37.627,1.866,1.866,0,1,1
7VQ9_ISY,P2Rank,6,0.759,1,1,1,0,1,0,30.4,30.4,30.4,0,0,0
7VWF_K55,P2Rank,12,0.522,1,2,2,0,0,1,48.92,48.92,48.92,0,0,0
7VYJ_CA0,P2Rank,20,0.53,0,1,1,0,0,1,5.825,37.811,37.811,0,0,0
7W06_ITN,P2Rank,4,0.211,0,0,0,0,1,0,0.682,0.682,0.682,1,1,1
7W6F_8I6,P2Rank,3,0.866,1,1,1,0,1,0,24.379,24.379,24.379,0,0,0
7WCF_ACP,P2Rank,4,0.4,0,0,0,0,1,0,1.885,1.885,1.885,1,1,1
7WDT_NGS,P2Rank,15,0.3,0,3,0,0,1,0,3.442,11.503,3.442,1,0,1
7WJB_BGC,P2Rank,10,0.311,0,0,0,0,1,0,1.432,1.432,1.432,1,1,1
7WKL_CAQ,P2Rank,20,0.503,7,0,1,0,0,1,55.687,0.442,32.914,0,1,0
7WL4_JFU,P2Rank,10,0.894,0,0,0,0,1,0,5.904,5.904,5.904,0,0,0
7WN5_JGL,P2Rank,4,0.8,0,0,0,0,1,0,4.549,4.549,4.549,0,0,0
7WQQ_5Z6,P2Rank,2,1.0,0,0,0,0,1,0,0.879,0.879,0.879,1,1,1
7WUX_6OI,P2Rank,20,0.426,1,4,2,0,0,1,62.405,23.435,62.405,0,0,0
7WUY_76N,P2Rank,13,0.879,0,0,0,0,1,0,3.605,3.605,3.605,1,1,1
7X5N_5M5,P2Rank,9,0.695,0,0,0,0,1,0,5.961,5.961,5.961,0,0,0
7X9K_8OG,P2Rank,3,0.0,0,1,1,0,0,1,1.137,9.183,9.183,1,0,0
7XBV_APC,P2Rank,6,0.464,0,0,0,0,1,0,4.088,4.088,4.088,0,0,0
7XEK_9YX,P2Rank,3,1.0,0,0,0,0,1,0,1.153,1.153,1.153,1,1,1
7XG5_PLP,P2Rank,11,0.362,1,2,1,0,1,0,29.798,29.798,29.798,0,0,0
7XI7_4RI,P2Rank,2,1.0,0,0,0,0,1,0,4.44,4.44,4.44,0,0,0
7XIJ_EJ3,P2Rank,3,0.5,0,0,0,0,1,0,5.664,5.664,5.664,0,0,0
7XJN_NSD,P2Rank,20,0.085,7,0,0,0,1,0,46.417,0.371,0.371,0,1,1
7XPO_UPG,P2Rank,10,0.671,0,1,0,0,1,0,8.914,43.936,8.914,0,0,0
7XQZ_FPF,P2Rank,6,0.2,0,0,0,0,1,0,2.23,2.23,2.23,1,1,1
7XRL_FWK,P2Rank,20,0.579,1,2,2,0,0,1,12.375,50.307,12.375,0,0,0
7Z1Q_NIO,P2Rank,2,1.0,0,1,1,0,0,1,1.624,8.934,8.934,1,0,0
7Z2O_IAJ,P2Rank,8,0.488,1,0,0,0,1,0,23.095,1.986,1.986,0,1,1
7Z7F_IF3,P2Rank,8,0.446,0,3,1,0,0,1,0.692,13.621,13.621,1,0,0
7ZCC_OGA,P2Rank,20,0.53,12,3,7,0,0,1,5.943,60.542,60.542,0,0,0
7ZDY_6MJ,P2Rank,17,0.914,1,0,0,0,1,0,49.632,3.523,3.523,0,1,1
7ZF0_DHR,P2Rank,3,0.5,0,0,0,0,1,0,6.245,6.245,6.245,0,0,0
7ZHP_IQY,P2Rank,4,0.4,1,1,1,0,1,0,29.192,4.527,4.527,0,0,0
7ZL5_IWE,P2Rank,6,0.696,0,0,0,0,1,0,1.327,1.327,1.327,1,1,1
7ZOC_T8E,P2Rank,7,0.182,0,0,0,0,1,0,4.917,4.917,4.917,0,0,0
7ZTL_BCN,P2Rank,5,0.205,0,3,2,0,0,1,4.953,15.946,15.946,0,0,0
7ZU2_DHT,P2Rank,4,1.0,0,0,0,0,1,0,0.926,0.926,0.926,1,1,1
7ZXV_45D,P2Rank,6,0.429,0,0,0,0,1,0,0.555,0.555,0.555,1,1,1
7ZXZ_K9R,P2Rank,4,0.632,1,2,2,0,0,1,19.846,19.846,19.846,0,0,0
7ZYS_KNR,P2Rank,2,1.0,0,0,0,0,1,0,5.19,5.19,5.19,0,0,0
7ZZB_KGX,P2Rank,4,0.0,1,0,0,0,1,0,16.087,2.202,2.202,0,1,1
7ZZW_KKW,P2Rank,9,0.817,2,0,0,0,1,0,50.443,3.946,3.946,0,1,1
8A1H_DLZ,P2Rank,6,0.371,1,0,0,0,1,0,21.456,0.432,0.432,0,1,1
8A2D_KXY,P2Rank,4,0.0,2,0,1,0,0,1,8.324,3.656,8.324,0,1,0
8AAU_LH0,P2Rank,5,0.5,0,1,0,0,1,0,4.089,11.879,4.089,0,0,0
8ACL_LQL,P2Rank,4,0.0,0,0,0,0,1,0,3.35,3.35,3.35,1,1,1
8AEM_LVF,P2Rank,4,0.632,1,0,0,0,1,0,14.797,0.747,0.747,0,1,1
8AIE_M7L,P2Rank,3,0.5,0,0,0,0,1,0,3.151,3.151,3.151,1,1,1
8AIJ_M9I,P2Rank,6,0.5,5,3,5,0,0,1,41.574,45.564,41.574,0,0,0
8AJX_FUM,P2Rank,4,0.632,0,0,0,0,1,0,9.256,9.256,9.256,0,0,0
8AP0_PRP,P2Rank,2,1.0,0,0,0,0,1,0,2.296,2.296,2.296,1,1,1
8AQL_PLG,P2Rank,20,0.658,1,1,1,0,1,0,28.504,28.504,28.504,0,0,0
8AUH_L9I,P2Rank,16,0.355,1,3,1,0,1,0,42.795,60.228,42.795,0,0,0
8AY3_OE3,P2Rank,5,0.821,0,0,0,0,1,0,1.373,1.373,1.373,1,1,1
8B8H_OJQ,P2Rank,7,0.429,0,0,0,0,1,0,2.628,2.628,2.628,1,1,1
8BN6_R53,P2Rank,2,1.0,1,0,0,0,1,0,18.456,5.348,5.348,0,0,0
8BOM_QU6,P2Rank,5,0.616,0,0,0,0,1,0,1.082,1.082,1.082,1,1,1
8BPL_CP,P2Rank,3,0.5,0,0,0,0,1,0,5.167,5.167,5.167,0,0,0
8BTI_RFO,P2Rank,3,0.5,0,0,0,0,1,0,2.568,2.568,2.568,1,1,1
8C3N_ADP,P2Rank,2,1.0,0,0,0,0,1,0,5.879,5.879,5.879,0,0,0
8C5D_GTB,P2Rank,10,0.323,2,1,1,0,1,0,14.307,25.774,25.774,0,0,0
8C5M_MTA,P2Rank,7,0.074,2,1,1,0,1,0,9.078,9.078,9.078,0,0,0
8C7Y_TXV,P2Rank,18,0.488,0,1,1,0,0,1,0.777,26.302,26.302,1,0,0
8CGC_LMR,P2Rank,4,0.4,1,2,2,0,0,1,18.932,39.472,18.932,0,0,0
8CI0_8EL,P2Rank,20,0.545,2,4,3,0,0,1,102.311,98.629,98.629,0,0,0
8CNH_V6U,P2Rank,8,0.572,0,0,0,0,1,0,4.048,4.048,4.048,0,0,0
8CSD_C5P,P2Rank,10,0.535,1,8,6,0,0,1,51.349,31.754,31.754,0,0,0
8D19_GSH,P2Rank,16,0.003,0,11,6,0,0,1,5.247,24.501,24.501,0,0,0
8D39_QDB,P2Rank,6,0.714,0,0,0,0,1,0,4.013,4.013,4.013,0,0,0
8D5D_5DK,P2Rank,10,0.248,0,1,0,0,1,0,16.042,26.673,16.042,0,0,0
8DHG_T78,P2Rank,3,1.0,0,0,0,0,1,0,8.413,8.413,8.413,0,0,0
8DKO_TFB,P2Rank,13,0.345,0,0,0,0,1,0,7.123,7.123,7.123,0,0,0
8DP2_UMA,P2Rank,4,0.2,2,2,2,0,1,0,22.043,22.043,22.043,0,0,0
8DSC_NCA,P2Rank,9,0.698,0,0,0,0,1,0,3.436,3.436,3.436,1,1,1
8DZT_G4P,P2Rank,9,0.176,4,1,1,0,1,0,5.696,37.622,5.696,0,0,0
8E77_ULP,P2Rank,5,0.821,0,0,0,0,1,0,4.1,4.1,4.1,0,0,0
8EAB_VN2,P2Rank,3,1.0,0,0,0,0,1,0,1.933,1.933,1.933,1,1,1
8EAD_UY0,P2Rank,2,1.0,0,0,0,0,1,0,6.66,6.66,6.66,0,0,0
8ERS_WQO,P2Rank,7,0.879,1,1,1,0,1,0,43.812,43.812,43.812,0,0,0
8EX2_Q2Q,P2Rank,3,1.0,0,0,0,0,1,0,8.073,8.073,8.073,0,0,0
8EXL_799,P2Rank,16,0.49,0,0,0,0,1,0,2.898,2.898,2.898,1,1,1
8EYE_X4I,P2Rank,20,0.711,0,0,0,0,1,0,9.759,9.759,9.759,0,0,0
8F4J_PHO,P2Rank,20,0.263,6,12,10,0,0,1,121.106,28.765,111.78,0,0,0
8F8E_XJI,P2Rank,9,0.418,1,0,0,0,1,0,38.597,5.164,5.164,0,0,0
8FAV_4Y5,P2Rank,12,0.154,3,0,0,0,1,0,13.702,0.763,0.763,0,1,1
8FLN_Y7W,P2Rank,2,1.0,0,0,0,0,1,0,0.435,0.435,0.435,1,1,1
8FLV_ZB9,P2Rank,6,0.044,0,0,0,0,1,0,3.698,3.698,3.698,1,1,1
8FO5_Y4U,P2Rank,12,0.6,0,0,0,0,1,0,5.886,5.886,5.886,0,0,0
8FV9_80J,P2Rank,10,0.497,5,5,5,0,1,0,29.871,47.953,47.953,0,0,0
8G0V_YHT,P2Rank,20,0.67,4,2,2,0,1,0,62.586,62.586,62.586,0,0,0
8G43_ZU6,P2Rank,2,1.0,0,0,0,0,1,0,2.462,2.462,2.462,1,1,1
8G6P_API,P2Rank,3,1.0,0,0,0,0,1,0,11.251,11.251,11.251,0,0,0
8GFD_ZHR,P2Rank,6,0.638,1,2,2,0,0,1,17.497,12.483,17.497,0,0,0
8H0M_2EH,P2Rank,4,0.4,0,0,0,0,1,0,8.193,8.193,8.193,0,0,0
8HFN_XGC,P2Rank,4,0.8,0,0,0,0,1,0,1.684,1.684,1.684,1,1,1
8HO0_3ZI,P2Rank,2,1.0,0,0,0,0,1,0,5.191,5.191,5.191,0,0,0
8SLG_G5A,P2Rank,7,0.523,2,0,0,0,1,0,18.927,3.542,3.542,0,1,1
5S8I_2LY,fpocket,8,0.684,0,0,0,0,1,0,3.9020030781960866,3.9020030781960866,3.9020030781960866,1,1,1
5SAK_ZRY,fpocket,14,0.664,0,0,0,0,1,0,3.2338695824126362,3.2338695824126362,3.2338695824126362,1,1,1
5SB2_1K2,fpocket,20,0.308,0,0,0,0,1,0,4.330803951218424,4.330803951218424,4.330803951218424,0,0,0
5SD5_HWI,fpocket,10,0.383,2,0,0,0,1,0,9.143188966531694,6.147940408538592,6.147940408538592,0,0,0
5SIS_JSM,fpocket,17,0.009,0,2,0,0,1,0,6.4176767423745815,10.131891761393867,6.4176767423745815,0,0,0
6M2B_EZO,fpocket,20,0.094,0,0,0,0,1,0,5.812531127904524,5.812531127904524,5.812531127904524,0,0,0
6M73_FNR,fpocket,20,0.285,0,0,0,0,1,0,1.3601524698870022,1.3601524698870022,1.3601524698870022,1,1,1
6T88_MWQ,fpocket,17,0.051,0,0,0,0,1,0,6.810250097625635,6.810250097625635,6.810250097625635,0,0,0
6TW5_9M2,fpocket,20,0.35,3,1,2,0,0,1,64.91017108688966,64.91017108688966,64.91017108688966,0,0,0
6TW7_NZB,fpocket,20,0.363,1,0,0,0,1,0,13.957280171087763,2.204925432433837,2.204925432433837,0,1,1
6VS3_R6V,fpocket,20,0.185,0,0,0,0,1,0,8.283735610348785,8.283735610348785,8.283735610348785,0,0,0
6VTA_AKN,fpocket,20,0.14,16,0,8,0,0,1,14.2597137951347,5.090327714286665,46.004001867308695,0,0,0
6W59_SZD,fpocket,20,0.194,8,11,8,0,1,0,44.09793418671535,27.730692822265045,27.730692822265045,0,0,0
6WTN_RXT,fpocket,17,0.162,0,0,0,0,1,0,8.615843555362073,8.615843555362073,8.615843555362073,0,0,0
6X8D_ARA,fpocket,9,0.747,4,0,0,0,1,0,30.365477446024595,2.3403048948742198,2.3403048948742198,0,1,1
6XAF_GDP,fpocket,15,0.463,1,0,0,0,1,0,30.38082514663693,2.2738923269972764,2.2738923269972764,0,1,1
6XBO_5MC,fpocket,20,0.088,0,0,0,0,1,0,4.691187855995151,4.691187855995151,4.691187855995151,0,0,0
6XCT_478,fpocket,13,0.234,1,0,0,0,1,0,17.325685064096163,1.4999212588343567,1.4999212588343567,0,1,1
6XG5_TOP,fpocket,4,0.949,0,0,0,0,1,0,1.5284094407055162,1.5284094407055162,1.5284094407055162,1,1,1
6XHT_V2V,fpocket,20,0.239,5,0,1,0,0,1,16.35835874993631,1.0873297729966047,16.35835874993631,0,1,0
6XM9_V55,fpocket,20,0.208,0,2,0,0,1,0,0.6617828470215199,7.837967389694955,0.6617828470215199,1,0,1
6XUM_30L,fpocket,16,0.177,0,0,0,0,1,0,8.961990767315827,8.961990767315827,8.961990767315827,0,0,0
6Y7L_QMG,fpocket,4,0.4,0,0,0,0,1,0,3.7691706786929227,3.7691706786929227,3.7691706786929227,1,1,1
6YDY_K73,fpocket,10,0.033,3,1,1,0,1,0,26.641685149751012,8.47584712829475,8.47584712829475,0,0,0
6YJA_2BA,fpocket,15,0.174,0,1,1,0,0,1,5.044526274194577,16.554990232564045,16.554990232564045,0,0,0
6YMS_OZH,fpocket,18,0.21,0,0,0,0,1,0,3.189566749295806,3.189566749295806,3.189566749295806,1,1,1
6YQV_8K2,fpocket,18,0.027,1,2,0,1,0,0,23.20035964643652,26.53689618119945,5.194413263600462,0,0,0
6YQW_82I,fpocket,2,1.0,0,0,0,0,1,0,1.2058122419699357,1.2058122419699357,1.2058122419699357,1,1,1
6YR2_T1C,fpocket,20,0.132,1,0,0,0,1,0,26.785214115808408,6.048858490107896,6.048858490107896,0,0,0
6YRV_PJ8,fpocket,20,0.075,0,0,0,0,1,0,1.0707144434357583,1.0707144434357583,1.0707144434357583,1,1,1
6YSP_PAL,fpocket,20,0.43,1,0,0,0,1,0,18.678326851870043,9.088719034254387,9.088719034254387,0,0,0
6YT6_PKE,fpocket,20,0.239,10,0,3,0,0,1,46.78241056315839,6.889928030627418,46.78241056315839,0,0,0
6YYO_Q1K,fpocket,20,0.44,0,0,0,0,1,0,4.7558247154019835,4.7558247154019835,4.7558247154019835,0,0,0
6Z0R_Q4H,fpocket,18,0.125,0,9,2,0,0,1,1.484234050052472,32.586868245644936,16.25162819881901,1,0,0
6Z14_Q4Z,fpocket,20,0.533,3,0,0,0,1,0,14.086564241259516,5.213183955082162,5.213183955082162,0,0,0
6Z1C_7EY,fpocket,20,0.368,0,0,0,0,1,0,1.5912462298618621,1.5912462298618621,1.5912462298618621,1,1,1
6Z2C_Q5E,fpocket,20,0.795,0,0,0,0,1,0,3.741595651979272,3.741595651979272,3.741595651979272,1,1,1
6Z4N_Q7B,fpocket,20,0.306,0,0,0,0,1,0,2.9061111194572447,2.9061111194572447,2.9061111194572447,1,1,1
6Z5Z_BDF,fpocket,2,1.0,0,0,0,0,1,0,16.24134866998989,16.24134866998989,16.24134866998989,0,0,0
6ZAE_ACV,fpocket,20,0.352,0,0,0,0,1,0,2.6609146795205127,2.6609146795205127,2.6609146795205127,1,1,1
6ZC3_JOR,fpocket,13,0.552,0,0,0,0,1,0,3.0155976877319963,3.0155976877319963,3.0155976877319963,1,1,1
6ZCY_QF8,fpocket,13,0.108,0,0,0,0,1,0,1.74694529254711,1.74694529254711,1.74694529254711,1,1,1
6ZK5_IMH,fpocket,20,0.388,5,2,2,0,1,0,47.557560488143814,28.732645537919083,35.329854084570854,0,0,0
6ZPB_3D1,fpocket,7,0.148,0,0,0,0,1,0,6.8652054862158565,6.8652054862158565,6.8652054862158565,0,0,0
6ZR8_QOZ,fpocket,15,0.256,0,1,0,0,1,0,7.943541285527664,15.005752711219406,7.943541285527664,0,0,0
6ZT2_QPK,fpocket,16,0.081,2,0,0,0,1,0,22.701929931107475,6.431373055256357,6.431373055256357,0,0,0
6ZX3_QRZ,fpocket,17,0.028,12,2,5,0,0,1,4.989002529942525,4.989002529942525,4.989002529942525,0,0,0
6ZXQ_IMO,fpocket,20,0.148,1,0,0,0,1,0,30.266358390392664,4.1999771736839415,4.1999771736839415,0,0,0
7A1P_QW2,fpocket,20,0.03,0,1,0,0,1,0,3.865221439813139,11.775626755397829,3.865221439813139,1,0,1
7A9E_R4W,fpocket,20,0.756,1,4,3,0,0,1,18.71841536259518,18.71841536259518,18.71841536259518,0,0,0
7A9H_TPP,fpocket,20,0.602,0,0,0,0,1,0,1.40049755440654,1.40049755440654,1.40049755440654,1,1,1
7AA0_R6B,fpocket,15,0.789,6,3,4,0,0,1,36.312639402777826,36.312639402777826,36.312639402777826,0,0,0
7AFX_R9K,fpocket,16,0.258,0,0,0,0,1,0,7.129295810646107,7.129295810646107,7.129295810646107,0,0,0
7AKL_RK5,fpocket,17,0.358,0,0,0,0,1,0,1.562115422668414,1.562115422668414,1.562115422668414,1,1,1
7AMC_73B,fpocket,14,0.297,5,2,3,0,0,1,30.98221681145819,5.440072938398325,5.440072938398325,0,0,0
7AN5_RDH,fpocket,20,0.649,3,1,2,0,0,1,27.916930567429926,41.3543524451904,41.3543524451904,0,0,0
7AS1_21G,fpocket,12,0.155,0,0,0,0,1,0,1.7695639926831082,1.7695639926831082,1.7695639926831082,1,1,1
7AVI_S2Q,fpocket,20,0.199,1,1,1,0,1,0,92.55494325266682,92.55494325266682,92.55494325266682,0,0,0
7B0E_C2E,fpocket,17,0.397,11,1,2,0,0,1,15.03513396763411,13.070052966673739,25.448660442966574,0,0,0
7B94_ANP,fpocket,20,0.49,3,0,1,0,0,1,10.4867082010076,0.35120263890868475,10.4867082010076,0,1,0
7BA0_T5H,fpocket,8,0.683,2,0,0,0,1,0,21.26192582582499,5.188713945527903,5.188713945527903,0,0,0
7BCP_GCO,fpocket,17,0.004,1,0,0,0,1,0,25.362472372998965,1.5554178326755517,1.5554178326755517,0,1,1
7BHX_TO5,fpocket,20,0.018,7,8,4,1,0,0,25.745299060041933,32.040202585699454,25.745299060041933,0,0,0
7BJ6_TVK,fpocket,8,0.0,0,0,0,0,1,0,6.7030964983171915,6.7030964983171915,6.7030964983171915,0,0,0
7BJJ_TVW,fpocket,17,0.186,1,2,0,1,0,0,25.671348182966767,33.87405948998601,1.837246685930904,0,0,1
7BKA_4JC,fpocket,20,0.446,3,3,4,0,0,1,28.53222267631178,37.89002171147062,37.89002171147062,0,0,0
7BLA_WCS,fpocket,6,0.868,0,0,0,0,1,0,3.5618940322667636,3.5618940322667636,3.5618940322667636,1,1,1
7BLG_GAL,fpocket,7,0.4,0,5,3,0,0,1,3.4203682522857735,22.83575145437765,20.34098091314401,1,0,0
7BMI_U4B,fpocket,20,0.085,1,0,0,0,1,0,62.49346609628669,0.5336386309126822,0.5336386309126822,0,1,1
7BNH_BEZ,fpocket,12,0.253,0,0,0,0,1,0,1.4912119441917038,1.4912119441917038,1.4912119441917038,1,1,1
7BTT_F8R,fpocket,16,0.2,2,1,0,1,0,0,24.103486188549823,7.237758560890067,2.94931629156506,0,0,1
7C0U_FGO,fpocket,20,0.145,1,1,1,0,1,0,56.33223111236162,56.33223111236162,56.33223111236162,0,0,0
7C3U_AZG,fpocket,19,0.321,0,0,0,0,1,0,2.6097236076943107,2.6097236076943107,2.6097236076943107,1,1,1
7C6P_SQH,fpocket,5,0.3,0,0,0,0,1,0,4.31542248267713,4.31542248267713,4.31542248267713,0,0,0
7C8Q_DSG,fpocket,20,0.051,6,9,6,0,1,0,28.829554196063455,24.699142969435343,24.699142969435343,0,0,0
7CD9_FVR,fpocket,20,0.377,0,0,0,0,1,0,6.863686672684023,6.863686672684023,6.863686672684023,0,0,0
7CIJ_G0C,fpocket,20,0.572,0,0,0,0,1,0,1.8593931693047785,1.8593931693047785,1.8593931693047785,1,1,1
7CL8_TES,fpocket,20,0.747,0,0,0,0,1,0,2.0575366742461134,2.0575366742461134,2.0575366742461134,1,1,1
7CNQ_G8X,fpocket,20,0.423,18,17,18,0,0,1,29.683597717154402,56.51682726548911,56.51682726548911,0,0,0
7CNS_PMV,fpocket,20,0.169,3,0,0,0,1,0,23.35944473331883,1.7083156606950485,1.7083156606950485,0,1,1
7CTM_BDP,fpocket,20,0.252,0,0,0,0,1,0,12.609912057475977,12.609912057475977,12.609912057475977,0,0,0
7CUO_PHB,fpocket,20,0.387,1,1,0,1,0,0,23.19346896524041,38.6938152732304,0.878174762128952,0,0,1
7D0P_1VU,fpocket,20,0.296,0,0,0,0,1,0,1.229631851223802,1.229631851223802,1.229631851223802,1,1,1
7D5C_GV6,fpocket,20,0.168,2,0,0,0,1,0,16.175657589378122,4.497573376640979,4.497573376640979,0,0,0
7D8Q_GZF,fpocket,8,0.15,0,0,0,0,1,0,7.302244925837307,7.302244925837307,7.302244925837307,0,0,0
7D9L_GSF,fpocket,11,0.353,8,2,2,0,1,0,18.26436411816497,9.579737756249873,9.579737756249873,0,0,0
7DIN_MPO,fpocket,6,0.382,5,0,2,0,0,1,25.00480513859479,3.267831190479607,25.00480513859479,0,1,0
7DKT_GLF,fpocket,20,0.083,0,1,0,0,1,0,2.9139164908448194,11.710936450486658,2.9139164908448194,1,0,1
7DQL_4CL,fpocket,20,0.194,2,6,3,0,0,1,42.743026485497154,54.43294934020724,22.080343569743345,0,0,0
7DUA_HJ0,fpocket,20,0.38,0,1,1,0,0,1,1.2380179574312036,31.038156721149434,31.038156721149434,1,0,0
7E2S_BLA,fpocket,15,0.352,0,0,0,0,1,0,3.7809793516042323,3.7809793516042323,3.7809793516042323,1,1,1
7E4L_MDN,fpocket,20,0.338,15,4,7,0,0,1,25.990134185539315,35.78315036630639,25.990134185539315,0,0,0
7EBG_J0L,fpocket,20,0.344,4,1,2,0,0,1,28.69746937796933,8.933164875280593,8.933164875280593,0,0,0
7ECR_SIN,fpocket,20,0.479,0,0,0,0,1,0,10.373464379867382,10.373464379867382,10.373464379867382,0,0,0
7ED2_A3P,fpocket,20,0.434,0,2,1,0,0,1,6.970011340890608,16.111402101424474,16.111402101424474,0,0,0
7ELT_TYM,fpocket,20,0.072,2,0,0,0,1,0,19.82826011752566,3.84729359290188,3.84729359290188,0,1,1
7EN7_J79,fpocket,11,0.277,2,0,0,0,1,0,21.558224066375075,4.272709989018936,4.272709989018936,0,0,0
7EPV_FDA,fpocket,20,0.136,0,1,0,0,1,0,4.717993964974029,7.101851788169885,4.717993964974029,0,0,0
7ES1_UDP,fpocket,20,0.233,0,0,0,0,1,0,6.3981234597560155,6.3981234597560155,6.3981234597560155,0,0,0
7F51_BA7,fpocket,18,0.252,1,0,0,0,1,0,6.384950281122016,5.8731711944571465,5.8731711944571465,0,0,0
7F5D_EUO,fpocket,4,0.949,0,0,0,0,1,0,2.2836158680262577,2.2836158680262577,2.2836158680262577,1,1,1
7F8T_FAD,fpocket,20,0.252,0,0,0,0,1,0,2.1029687534390322,2.1029687534390322,2.1029687534390322,1,1,1
7FB7_8NF,fpocket,20,0.205,6,0,2,0,0,1,48.3742032334729,0.6625374803096188,11.515222901807013,0,1,0
7FHA_ADX,fpocket,20,0.02,13,2,5,0,0,1,37.877618732952975,46.573739501163224,46.573739501163224,0,0,0
7FRX_O88,fpocket,20,0.774,3,2,2,0,1,0,25.88845153139417,25.88845153139417,25.88845153139417,0,0,0
7FT9_4MB,fpocket,20,0.509,16,7,12,0,0,1,24.589208772814672,37.215163418542154,24.589208772814672,0,0,0
7JG0_GAR,fpocket,11,0.414,0,1,0,0,1,0,0.802273135954216,13.322352596822164,0.802273135954216,1,0,1
7JGW_V9S,fpocket,9,0.055,0,0,0,0,1,0,2.0510920459495225,2.0510920459495225,2.0510920459495225,1,1,1
7JHQ_VAJ,fpocket,20,0.095,13,1,6,0,0,1,35.060213082682,20.75535605751623,14.58366805617134,0,0,0
7JMV_4NC,fpocket,19,0.653,0,1,0,0,1,0,0.8226125669510452,12.092656349333613,0.8226125669510452,1,0,1
7JNB_A2G,fpocket,20,0.038,9,8,6,1,0,0,52.39387006039235,47.380708497780454,52.39387006039235,0,0,0
7JR8_VH7,fpocket,20,0.504,3,2,1,1,0,0,23.816750755886023,27.743044852434444,23.816750755886023,0,0,0
7JUD_MMA,fpocket,15,0.264,12,7,11,0,0,1,24.688444752765914,12.599649500077975,24.688444752765914,0,0,0
7JXX_VP7,fpocket,19,0.172,0,0,0,0,1,0,1.7784977246116467,1.7784977246116467,1.7784977246116467,1,1,1
7JY3_VUD,fpocket,20,0.414,4,1,1,0,1,0,18.10199006410216,18.10199006410216,18.10199006410216,0,0,0
7K0V_VQP,fpocket,20,0.71,2,0,0,0,1,0,42.6315931367958,1.3699433096440738,1.3699433096440738,0,1,1
7K41_VUA,fpocket,20,0.501,0,0,0,0,1,0,2.700468495628725,2.700468495628725,2.700468495628725,1,1,1
7KB1_WBJ,fpocket,20,0.48,0,0,0,0,1,0,0.5238434783392177,0.5238434783392177,0.5238434783392177,1,1,1
7KC5_BJZ,fpocket,18,0.651,1,0,0,0,1,0,50.56292582409233,4.635235435368415,4.635235435368415,0,0,0
7KFO_IAC,fpocket,10,0.572,6,2,4,0,0,1,17.188453867489557,9.955858046491786,9.955858046491786,0,0,0
7KLX_WOV,fpocket,16,0.061,4,2,2,0,1,0,31.22914432389251,25.874307224614423,31.22914432389251,0,0,0
7KM8_WPD,fpocket,13,0.43,1,1,1,0,1,0,20.02660728213788,20.02660728213788,20.02660728213788,0,0,0
7KP6_WTP,fpocket,20,0.221,2,1,1,0,1,0,43.43599976690718,43.43599976690718,43.43599976690718,0,0,0
7KQU_YOF,fpocket,20,0.07,6,0,1,0,0,1,22.536268298432713,1.0069644171955003,22.536268298432713,0,1,0
7KRU_ATP,fpocket,20,0.225,13,1,4,0,0,1,15.616127499411494,28.212731702428957,28.10794982442243,0,0,0
7KZ9_XN7,fpocket,20,0.652,6,4,5,0,0,1,50.18808088219218,50.18808088219218,50.18808088219218,0,0,0
7L00_XCJ,fpocket,20,0.344,2,1,1,0,1,0,47.02518203557173,30.624229381292484,30.624229381292484,0,0,0
7L03_F9F,fpocket,20,0.171,0,0,0,0,1,0,3.7069076826708893,3.7069076826708893,3.7069076826708893,1,1,1
7L5F_XNG,fpocket,12,0.306,0,0,0,0,1,0,1.5696086788491403,1.5696086788491403,1.5696086788491403,1,1,1
7L6D_BMF,fpocket,5,0.671,0,0,0,0,1,0,2.915624050938358,2.915624050938358,2.915624050938358,1,1,1
7L7C_XQ1,fpocket,20,0.188,0,0,0,0,1,0,0.8262470189521279,0.8262470189521279,0.8262470189521279,1,1,1
7L81_UD4,fpocket,10,0.157,0,1,0,0,1,0,9.833782819121284,30.75515515677375,9.833782819121284,0,0,0
7LB3_XXS,fpocket,9,0.208,1,0,0,0,1,0,24.186685714657443,4.2018894489725085,4.2018894489725085,0,0,0
7LCU_XTA,fpocket,20,0.288,0,1,0,0,1,0,3.5328189905437872,7.515629228886163,3.5328189905437872,1,0,1
7LEV_0JO,fpocket,20,0.544,2,0,0,0,1,0,23.896157476098605,1.5915107754161086,1.5915107754161086,0,1,1
7LJN_GTP,fpocket,20,0.528,3,2,2,0,1,0,75.15021660280875,93.421280936314,54.477898110356485,0,0,0
7LMO_NYO,fpocket,20,0.684,0,0,0,0,1,0,5.65821608199261,5.65821608199261,5.65821608199261,0,0,0
7LOE_Y84,fpocket,10,0.133,0,0,0,0,1,0,0.5076638593329593,0.5076638593329593,0.5076638593329593,1,1,1
7LOU_IFM,fpocket,20,0.479,6,0,3,0,0,1,54.44929453565414,7.285366066141919,46.77830960551083,0,0,0
7LT0_ONJ,fpocket,13,0.375,0,0,0,0,1,0,5.972876221286743,5.972876221286743,5.972876221286743,0,0,0
7LZD_YHY,fpocket,15,0.05,0,0,0,0,1,0,2.796694730744972,2.796694730744972,2.796694730744972,1,1,1
7LZQ_YJV,fpocket,6,0.088,1,1,0,1,0,0,22.25000089718332,18.203298806774054,4.925784981337125,0,0,0
7M31_TDR,fpocket,20,0.04,1,7,2,0,0,1,73.76469368297215,29.46160797775904,29.46160797775904,0,0,0
7M3H_YPV,fpocket,20,0.556,2,0,0,0,1,0,32.70690736466179,7.709370517606499,7.709370517606499,0,0,0
7M41_YQG,fpocket,14,0.031,0,5,2,0,0,1,5.180163516959866,24.986544162479944,24.986544162479944,0,0,0
7M6K_YRJ,fpocket,20,0.163,6,1,3,0,0,1,28.396203450305677,43.91740308125377,49.57276969153917,0,0,0
7MAE_XUS,fpocket,11,0.453,1,0,0,0,1,0,17.501540861784743,2.0826981744483737,2.0826981744483737,0,1,1
7MEU_MGP,fpocket,20,0.442,2,3,1,1,0,0,21.120347462187304,27.129835223349726,52.16694042036792,0,0,0
7MFP_Z7P,fpocket,20,0.618,0,2,1,0,0,1,5.1925917083877255,28.214325473392723,28.214325473392723,0,0,0
7MGT_ZD4,fpocket,12,0.259,2,0,0,0,1,0,17.822115868420394,4.753086277982152,4.753086277982152,0,0,0
7MGY_ZD1,fpocket,20,0.218,9,1,3,0,0,1,77.83401742162417,69.9809944796049,69.9809944796049,0,0,0
7MMH_ZJY,fpocket,10,0.0,1,0,0,0,1,0,25.72620008814469,6.951447808323806,6.951447808323806,0,0,0
7MOI_HPS,fpocket,20,0.157,4,2,1,1,0,0,21.17922252534894,8.123140303127697,8.123140303127697,0,0,0
7MRH_ZMJ,fpocket,20,0.073,0,3,1,0,0,1,2.4911886325892665,29.00336455385739,29.00336455385739,1,0,0
7MS7_ZQ1,fpocket,13,0.077,0,2,0,0,1,0,4.800199450627781,26.125029885400977,4.800199450627781,0,0,0
7MSR_DCA,fpocket,20,0.008,0,1,0,0,1,0,5.536972483795357,24.870241513525382,5.536972483795357,0,0,0
7MWN_WI5,fpocket,20,0.204,0,0,0,0,1,0,1.2177559290291067,1.2177559290291067,1.2177559290291067,1,1,1
7MWU_ZPM,fpocket,20,0.021,12,1,3,0,0,1,40.08265677291528,13.158177556883663,13.158177556883663,0,0,0
7MY1_IPE,fpocket,16,0.611,3,3,2,1,0,0,11.241808987288133,11.241808987288133,11.241808987288133,0,0,0
7MYU_ZR7,fpocket,20,0.173,0,0,0,0,1,0,2.966098146664411,2.966098146664411,2.966098146664411,1,1,1
7MZS_GLA,fpocket,11,0.62,6,0,0,0,1,0,35.49424428904175,2.3655976407445345,2.3655976407445345,0,1,1
7N03_ZRP,fpocket,9,0.504,0,0,0,0,1,0,0.7500877307567289,0.7500877307567289,0.7500877307567289,1,1,1
7N4N_0BK,fpocket,20,0.281,11,0,3,0,0,1,27.58274303053236,4.736294933188665,11.37164500913614,0,0,0
7N4W_P4V,fpocket,13,0.464,0,0,0,0,1,0,6.121891267137746,6.121891267137746,6.121891267137746,0,0,0
7N6F_0I1,fpocket,20,0.621,0,0,0,0,1,0,1.4110835325900284,1.4110835325900284,1.4110835325900284,1,1,1
7N7B_T3F,fpocket,20,0.564,1,0,0,0,1,0,36.73683749474788,4.595755768833228,4.595755768833228,0,0,0
7N7H_CTP,fpocket,18,0.154,0,0,0,0,1,0,3.302466243895822,3.302466243895822,3.302466243895822,1,1,1
7NA4_1I9,fpocket,6,0.771,0,1,1,0,0,1,6.244251414298409,7.728280931608653,7.728280931608653,0,0,0
7NB4_U6Q,fpocket,11,0.232,0,0,0,0,1,0,4.809252429253708,4.809252429253708,4.809252429253708,0,0,0
7NF0_BYN,fpocket,20,0.643,0,0,0,0,1,0,1.337039254724354,1.337039254724354,1.337039254724354,1,1,1
7NF3_4LU,fpocket,20,0.341,0,0,0,0,1,0,1.1216632666838062,1.1216632666838062,1.1216632666838062,1,1,1
7NFB_GEN,fpocket,20,0.15,1,1,1,0,1,0,28.94883393414793,28.94883393414793,28.94883393414793,0,0,0
7NGW_UAW,fpocket,10,0.403,0,0,0,0,1,0,3.7145779697691976,3.7145779697691976,3.7145779697691976,1,1,1
7NLK_UHK,fpocket,20,0.614,1,2,1,0,1,0,39.83362824014987,39.83362824014987,39.83362824014987,0,0,0
7NLV_UJE,fpocket,20,0.669,0,1,1,0,0,1,1.372924546035086,20.029738985498465,20.029738985498465,1,0,0
7NML_I7B,fpocket,14,0.498,5,5,5,0,1,0,26.43035866151957,26.43035866151957,26.43035866151957,0,0,0
7NP6_UK8,fpocket,20,0.362,1,0,0,0,1,0,13.782843371419625,2.384927824831658,2.384927824831658,0,1,1
7NPL_UKZ,fpocket,20,0.125,2,0,1,0,0,1,5.432810220407253,4.16988171557917,5.432810220407253,0,0,0
7NR6_UO8,fpocket,17,0.328,1,0,0,0,1,0,23.80848658906579,1.6175088484576512,1.6175088484576512,0,1,1
7NR8_UOE,fpocket,20,0.264,0,0,0,0,1,0,2.587896009920582,2.587896009920582,2.587896009920582,1,1,1
7NSW_HC4,fpocket,20,0.414,1,1,1,0,1,0,13.101455996838798,38.42611937335795,38.42611937335795,0,0,0
7NTG_F6R,fpocket,20,0.414,12,2,5,0,0,1,17.459549344562927,11.544245885465823,11.544245885465823,0,0,0
7NU0_DCL,fpocket,20,0.255,3,0,0,0,1,0,5.80742326795514,2.543341856373497,2.543341856373497,0,1,1
7NUT_GLP,fpocket,20,0.074,2,0,0,0,1,0,27.27722196922749,1.8806135800354646,1.8806135800354646,0,1,1
7NXO_UU8,fpocket,20,0.599,1,1,1,0,1,0,34.766552114191214,34.766552114191214,34.766552114191214,0,0,0
7O0N_CDP,fpocket,20,0.482,0,0,0,0,1,0,4.9371084302022075,4.9371084302022075,4.9371084302022075,0,0,0
7O1T_5X8,fpocket,20,0.254,0,0,0,0,1,0,0.8446894185460039,0.8446894185460039,0.8446894185460039,1,1,1
7OCB_V88,fpocket,12,0.612,3,0,1,0,0,1,17.746800843888163,6.133099188225283,21.528397625456783,0,0,0
7ODX_DGP,fpocket,20,0.242,0,0,0,0,1,0,2.628588330359876,2.628588330359876,2.628588330359876,1,1,1
7ODY_DGI,fpocket,20,0.466,3,3,2,1,0,0,28.27547409437769,14.483165716312891,14.483165716312891,0,0,0
7OEO_V9Z,fpocket,5,0.359,0,0,0,0,1,0,4.293685679849918,4.293685679849918,4.293685679849918,0,0,0
7OFF_VCB,fpocket,16,0.144,0,0,0,0,1,0,5.607423849402485,5.607423849402485,5.607423849402485,0,0,0
7OFK_VCH,fpocket,20,0.199,0,0,0,0,1,0,1.4832131153875348,1.4832131153875348,1.4832131153875348,1,1,1
7OKC_VFE,fpocket,13,0.025,11,0,5,0,0,1,22.472774366422833,18.33531186945942,21.41226809536071,0,0,0
7OKF_VH5,fpocket,6,0.147,1,0,0,0,1,0,25.68111988106906,6.721203157447086,6.721203157447086,0,0,0
7OLI_8HG,fpocket,20,0.191,0,1,0,0,1,0,2.484870129629302,13.112136143581205,2.484870129629302,1,0,1
7OLT_58J,fpocket,13,0.68,0,0,0,0,1,0,1.77341348576707,1.77341348576707,1.77341348576707,1,1,1
7OMJ_GCP,fpocket,18,0.009,15,1,7,0,0,1,13.924916509993858,7.634393842720026,7.634393842720026,0,0,0
7OMX_CNA,fpocket,11,0.503,1,0,0,0,1,0,8.269973685732232,4.302569824813999,4.302569824813999,0,0,0
7OP9_06K,fpocket,20,0.621,1,6,3,0,0,1,68.68152682113774,68.68152682113774,68.68152682113774,0,0,0
7OPG_06N,fpocket,20,0.317,1,2,2,0,0,1,60.98604061515608,41.05262923296017,60.98604061515608,0,0,0
7ORW_7WA,fpocket,11,0.076,5,10,9,0,0,1,30.89243052867331,25.386947707084644,25.386947707084644,0,0,0
7OSO_0V1,fpocket,20,0.488,2,4,2,0,1,0,25.765680122110798,20.328708527946812,20.328708527946812,0,0,0
7OU8_1XI,fpocket,20,0.181,4,0,0,0,1,0,37.598481806395505,2.787806431064383,2.787806431064383,0,1,1
7OZ9_NGK,fpocket,20,0.282,1,0,0,0,1,0,76.57813374676648,3.4862770078260605,3.4862770078260605,0,1,1
7OZC_G6S,fpocket,20,0.233,1,3,0,1,0,0,30.65854606020868,10.845456812510538,8.53745357552535,0,0,0
7P1F_KFN,fpocket,20,0.065,5,2,2,0,1,0,18.460300125531905,45.3014735666439,45.3014735666439,0,0,0
7P1M_4IU,fpocket,16,0.249,5,3,3,0,1,0,26.313827973543304,15.646875474138925,15.646875474138925,0,0,0
7P2I_MFU,fpocket,20,0.096,7,6,5,1,0,0,9.994791510495977,29.149921562244344,29.149921562244344,0,0,0
7P2W_4QR,fpocket,11,0.348,0,0,0,0,1,0,2.7896645986018953,2.7896645986018953,2.7896645986018953,1,1,1
7P4C_5OV,fpocket,20,0.069,0,0,0,0,1,0,2.9404776816963434,2.9404776816963434,2.9404776816963434,1,1,1
7P4J_5JK,fpocket,20,0.415,0,0,0,0,1,0,6.29318441580595,6.29318441580595,6.29318441580595,0,0,0
7P4V_DAT,fpocket,8,0.509,1,1,1,0,1,0,10.433325725855596,10.433325725855596,10.433325725855596,0,0,0
7P5T_5YG,fpocket,20,0.308,0,0,0,0,1,0,1.2116183163913476,1.2116183163913476,1.2116183163913476,1,1,1
7P85_5ZG,fpocket,20,0.218,0,0,0,0,1,0,2.502984761211271,2.502984761211271,2.502984761211271,1,1,1
7PA4_C,fpocket,20,0.044,0,3,1,0,0,1,5.227366916921908,21.98229403841118,19.69508694091516,0,0,0
7PGX_FMN,fpocket,11,0.053,0,0,0,0,1,0,1.124128976378425,1.124128976378425,1.124128976378425,1,1,1
7PIH_7QW,fpocket,20,0.174,1,0,0,0,1,0,29.806687124337778,4.3245029908730395,4.3245029908730395,0,0,0
7PJQ_OWH,fpocket,20,0.387,1,0,0,0,1,0,28.133683730354786,1.1757124204309306,1.1757124204309306,0,1,1
7PK0_BYC,fpocket,19,0.454,0,0,0,0,1,0,1.4975710731354044,1.4975710731354044,1.4975710731354044,1,1,1
7PL1_SFG,fpocket,10,0.012,5,0,1,0,0,1,18.198202999375617,5.3890626322659845,6.8864704889433765,0,0,0
7POM_7VZ,fpocket,20,0.535,19,9,14,0,0,1,35.61558223844395,35.61558223844395,35.61558223844395,0,0,0
7PRI_7TI,fpocket,20,0.116,6,0,1,0,0,1,31.50029420407847,1.4775222239322947,56.03396015035635,0,1,0
7PRM_81I,fpocket,16,0.466,1,1,0,1,0,0,6.99188461550759,11.44375102546131,5.318598450999949,0,0,0
7PT3_3KK,fpocket,20,0.498,1,1,1,0,1,0,53.31832955641454,53.31832955641454,53.31832955641454,0,0,0
7PUV_84Z,fpocket,20,0.258,10,4,6,0,0,1,22.218303914394856,45.296907823362666,22.218303914394856,0,0,0
7Q19_DSM,fpocket,11,0.755,0,0,0,0,1,0,1.963726355150699,1.963726355150699,1.963726355150699,1,1,1
7Q25_8J9,fpocket,20,0.392,0,1,1,0,0,1,3.2989055877610265,53.761733966850954,53.761733966850954,1,0,0
7Q2B_M6H,fpocket,15,0.534,0,1,1,0,0,1,4.99122635170263,10.55503056359712,10.55503056359712,0,0,0
7Q5I_I0F,fpocket,20,0.129,5,0,1,0,0,1,31.11595702578265,4.150072792488835,31.11595702578265,0,0,0
7QE4_NGA,fpocket,20,0.175,3,7,4,0,0,1,93.32384400277589,102.68639671789448,93.32384400277589,0,0,0
7QF4_RBF,fpocket,4,0.2,0,0,0,0,1,0,2.23765928560061,2.23765928560061,2.23765928560061,1,1,1
7QFM_AY3,fpocket,20,0.013,0,0,0,0,1,0,1.0776163144157642,1.0776163144157642,1.0776163144157642,1,1,1
7QGP_DJ8,fpocket,18,0.08,0,0,0,0,1,0,2.385074515134278,2.385074515134278,2.385074515134278,1,1,1
7QHG_T3B,fpocket,20,0.223,1,1,1,0,1,0,31.3478396114161,31.3478396114161,31.3478396114161,0,0,0
7QHL_D5P,fpocket,20,0.655,10,0,0,0,1,0,24.130507317833032,3.056971790807012,3.056971790807012,0,1,1
7QK0_EBL,fpocket,10,0.347,3,1,0,1,0,0,24.323323819312165,17.307966235127967,7.533926626878676,0,0,0
7QPP_VDX,fpocket,19,0.409,1,1,1,0,1,0,5.647907535081099,5.647907535081099,5.647907535081099,0,0,0
7QSW_CAP,fpocket,20,0.2,4,1,0,1,0,0,66.44165399751287,54.159927555692526,2.042429805021572,0,0,1
7QTA_URI,fpocket,20,0.596,7,3,5,0,0,1,3.708757609620831,36.91809740667151,36.91809740667151,1,0,0
7R3D_APR,fpocket,20,0.339,3,3,3,0,1,0,40.90698635964043,13.182729250307556,13.182729250307556,0,0,0
7R59_I5F,fpocket,20,0.122,4,0,1,0,0,1,18.45647859263982,6.219494878248061,7.0147883432196965,0,0,0
7R6J_2I7,fpocket,20,0.265,1,4,0,1,0,0,35.52958254541853,43.11322223697624,3.7059215758068174,0,0,1
7R7R_AWJ,fpocket,14,0.351,1,0,0,0,1,0,23.78322581587779,2.3059982416867997,2.3059982416867997,0,1,1
7R9N_F97,fpocket,20,0.36,1,1,0,1,0,0,20.946203336675264,53.351864748846864,6.955136201810158,0,0,0
7RC3_SAH,fpocket,20,0.325,0,0,0,0,1,0,4.995048566564459,4.995048566564459,4.995048566564459,0,0,0
7REE_4LY,fpocket,16,0.132,0,0,0,0,1,0,6.709935060761015,6.709935060761015,6.709935060761015,0,0,0
7RH3_59O,fpocket,9,0.122,5,1,2,0,0,1,28.193712863263844,6.388394788752906,6.388394788752906,0,0,0
7RH8_UTP,fpocket,14,0.395,0,3,0,0,1,0,3.7241586505748283,26.68534322243498,3.7241586505748283,1,0,1
7RKW_5TV,fpocket,20,0.431,0,0,0,0,1,0,5.017524891502251,5.017524891502251,5.017524891502251,0,0,0
7RNI_60I,fpocket,20,0.404,0,0,0,0,1,0,5.042306914820052,5.042306914820052,5.042306914820052,0,0,0
7ROR_69X,fpocket,20,0.124,14,1,5,0,0,1,57.12523332708597,41.21391328806365,56.540482451405154,0,0,0
7ROU_66I,fpocket,20,0.002,0,0,0,0,1,0,2.862918794199244,2.862918794199244,2.862918794199244,1,1,1
7RPZ_6IC,fpocket,8,0.273,0,0,0,0,1,0,2.302015888987073,2.302015888987073,2.302015888987073,1,1,1
7RSV_7IQ,fpocket,20,0.466,1,2,1,0,1,0,27.192763795698887,27.192763795698887,27.192763795698887,0,0,0
7RUI_7QZ,fpocket,8,0.491,0,0,0,0,1,0,4.332135590917674,4.332135590917674,4.332135590917674,0,0,0
7RWO_7WN,fpocket,9,0.412,0,0,0,0,1,0,2.3362272682788348,2.3362272682788348,2.3362272682788348,1,1,1
7RWS_4UR,fpocket,11,0.252,3,0,1,0,0,1,12.621306990402244,3.516470252810726,12.621306990402244,0,1,0
7RZL_NPO,fpocket,20,0.027,0,0,0,0,1,0,5.0960581544207395,5.0960581544207395,5.0960581544207395,0,0,0
7S45_ACO,fpocket,7,0.036,4,5,6,0,0,1,17.06311102822508,17.06311102822508,17.06311102822508,0,0,0
7S9H_7PP,fpocket,13,0.396,0,0,0,0,1,0,3.425765088625551,3.425765088625551,3.425765088625551,1,1,1
7SCW_GSP,fpocket,18,0.071,0,0,0,0,1,0,1.356175780389267,1.356175780389267,1.356175780389267,1,1,1
7SDD_4IP,fpocket,16,0.027,3,0,1,0,0,1,10.22965462178128,3.7086509863012753,10.22965462178128,0,1,0
7SED_8VD,fpocket,18,0.101,0,0,0,0,1,0,2.080928168218421,2.080928168218421,2.080928168218421,1,1,1
7SFO_98L,fpocket,20,0.259,0,0,0,0,1,0,0.8402584847293966,0.8402584847293966,0.8402584847293966,1,1,1
7SGV_L30,fpocket,18,0.432,2,4,0,1,0,0,23.47441466403446,22.739247458138,5.051682296274441,0,0,0
7SIU_9ID,fpocket,20,0.605,0,2,2,0,0,1,8.38206663938833,39.248634656667846,39.248634656667846,0,0,0
7SNE_9XR,fpocket,20,0.438,3,0,1,0,0,1,49.06307255238216,1.309813370832847,40.37387254703198,0,1,0
7SSM_B7L,fpocket,12,0.166,7,3,5,0,0,1,16.91043640188918,14.041240165052507,14.041240165052507,0,0,0
7SUC_COM,fpocket,20,0.533,0,2,0,0,1,0,9.264029522986801,18.827680261223225,9.264029522986801,0,0,0
7SZA_DUI,fpocket,20,0.329,0,0,0,0,1,0,2.115954904065166,2.115954904065166,2.115954904065166,1,1,1
7T0D_FPP,fpocket,20,0.527,11,0,4,0,0,1,13.570805460467339,2.8719117024816696,9.31640436977112,0,1,0
7T0U_E3I,fpocket,20,0.302,2,5,2,0,1,0,53.1618389771306,25.02523470267197,45.44474841045498,0,0,0
7T1D_E7K,fpocket,20,0.397,0,1,1,0,0,1,4.34815868023844,26.74400876964704,26.74400876964704,0,0,0
7T2I_E9F,fpocket,15,0.26,0,0,0,0,1,0,4.053278964331915,4.053278964331915,4.053278964331915,0,0,0
7T3E_SLB,fpocket,20,0.191,4,1,1,0,1,0,17.8890092742901,35.61171663482028,35.61171663482028,0,0,0
7T3F_EM0,fpocket,11,0.15,0,0,0,0,1,0,5.100511082532801,5.100511082532801,5.100511082532801,0,0,0
7T9O_GEI,fpocket,12,0.075,5,5,5,0,1,0,28.533259001972905,28.533259001972905,28.533259001972905,0,0,0
7TB0_UD1,fpocket,20,0.549,2,2,2,0,1,0,55.64481414273313,55.64481414273313,55.64481414273313,0,0,0
7TBU_S3P,fpocket,20,0.412,8,5,7,0,0,1,48.84899934956854,12.17763043466556,48.84899934956854,0,0,0
7TE8_P0T,fpocket,20,0.44,1,0,0,0,1,0,35.700402794805974,2.7344458544660823,2.7344458544660823,0,1,1
7TH4_FFO,fpocket,20,0.241,1,0,0,0,1,0,48.59720047942676,3.774303876730308,3.774303876730308,0,1,1
7thi_pga,fpocket,20,0.304,6,3,3,0,1,0,57.75421811596064,57.75421811596064,57.75421811596064,0,0,0
7TM6_GPJ,fpocket,20,0.002,5,2,1,1,0,0,46.279766991108005,54.2258160850888,55.096553817068006,0,0,0
7TOM_5AD,fpocket,20,0.02,1,0,0,0,1,0,26.385558489936063,6.921417263842535,6.921417263842535,0,0,0
7TS6_KMI,fpocket,20,0.013,5,16,13,0,0,1,53.26576183425069,92.20798945893894,79.78570673693481,0,0,0
7TSF_H4B,fpocket,20,0.004,0,0,0,0,1,0,3.212990434684587,3.212990434684587,3.212990434684587,1,1,1
7TUO_KL9,fpocket,20,0.555,2,1,1,0,1,0,8.095452072272657,8.095452072272657,8.095452072272657,0,0,0
7TWC_CXS,fpocket,20,0.083,17,1,7,0,0,1,10.431339384864247,13.392225226613956,13.392225226613956,0,0,0
7TXK_LW8,fpocket,20,0.34,0,1,0,0,1,0,5.692672926746132,44.242652061481735,5.692672926746132,0,0,0
7TXP_0FX,fpocket,7,0.0,2,2,2,0,1,0,17.559013950528282,18.307265078762626,19.55420023308709,0,0,0
7TYP_KUR,fpocket,20,0.486,0,1,1,0,0,1,3.083730023637672,19.483202094390165,19.483202094390165,1,0,0
7U0U_FK5,fpocket,20,0.212,1,1,1,0,1,0,6.8764399340540745,6.8764399340540745,6.8764399340540745,0,0,0
7U3J_L6U,fpocket,14,0.303,1,0,0,0,1,0,26.99123462050681,1.2499389526495361,1.2499389526495361,0,1,1
7UAS_MBU,fpocket,20,0.523,1,1,1,0,1,0,50.778090464855765,50.778090464855765,50.778090464855765,0,0,0
7UAW_MF6,fpocket,20,0.319,0,1,1,0,0,1,1.5517289848804576,30.994791123263102,30.994791123263102,1,0,0
7UEY_N0R,fpocket,20,0.712,0,9,6,0,0,1,13.335176626522223,28.992188943728877,28.992188943728877,0,0,0
7UF2_5SP,fpocket,14,0.07,4,0,1,0,0,1,15.972299689471608,1.085504783816721,15.972299689471608,0,1,0
7UJ4_OQ4,fpocket,20,0.231,16,1,6,0,0,1,32.45999785559836,35.13935772493928,32.45999785559836,0,0,0
7UJ5_DGL,fpocket,20,0.555,0,2,1,0,0,1,10.047753776302441,20.50195632692646,41.41547330345236,0,0,0
7UJF_R3V,fpocket,20,0.335,0,3,1,0,0,1,1.744573479862334,55.014893157026705,55.014893157026705,1,0,0
7ULC_56B,fpocket,20,0.353,1,3,2,0,0,1,51.57871814134778,51.57871814134778,51.57871814134778,0,0,0
7UMV_NUU,fpocket,5,0.707,0,0,0,0,1,0,2.601756107851351,2.601756107851351,2.601756107851351,1,1,1
7UMW_NAD,fpocket,20,0.438,2,0,0,0,1,0,32.32106476042146,3.2903389858910788,3.2903389858910788,0,1,1
7UP3_NZ0,fpocket,20,0.039,8,1,2,0,0,1,22.973751900487258,12.240450621616127,32.03205819003844,0,0,0
7UQ3_O2U,fpocket,15,0.232,0,0,0,0,1,0,2.21264102849686,2.21264102849686,2.21264102849686,1,1,1
7USH_82V,fpocket,5,0.205,0,0,0,0,1,0,3.690090767667473,3.690090767667473,3.690090767667473,1,1,1
7UTW_NAI,fpocket,20,0.002,2,4,2,0,1,0,36.54579994235382,9.30964941262243,9.30964941262243,0,0,0
7UXS_OJC,fpocket,20,0.011,1,2,1,0,1,0,16.992800535959617,16.992800535959617,16.992800535959617,0,0,0
7UY4_SMI,fpocket,20,0.211,3,1,2,0,0,1,38.849795572442815,11.388511972429958,11.388511972429958,0,0,0
7UYB_OK0,fpocket,10,0.464,0,0,0,0,1,0,1.864226335696977,1.864226335696977,1.864226335696977,1,1,1
7V14_ORU,fpocket,11,0.313,1,1,0,1,0,0,21.744115057451243,9.180698874808304,4.372711343911387,0,0,0
7V3N_AKG,fpocket,16,0.263,1,1,1,0,1,0,9.046680802357852,9.046680802357852,9.046680802357852,0,0,0
7V3S_5I9,fpocket,16,0.419,0,0,0,0,1,0,2.56709605940702,2.56709605940702,2.56709605940702,1,1,1
7V43_C4O,fpocket,20,0.235,0,0,0,0,1,0,0.5180009176496103,0.5180009176496103,0.5180009176496103,1,1,1
7V8Z_5YH,fpocket,20,0.564,0,0,0,0,1,0,2.569199183908173,2.569199183908173,2.569199183908173,1,1,1
7VB8_STL,fpocket,20,0.543,0,1,0,0,1,0,2.091391353058544,24.14387544543304,2.091391353058544,1,0,1
7VBU_6I4,fpocket,20,0.08,2,0,0,0,1,0,27.056705813369156,2.405552286205728,2.405552286205728,0,1,1
7VC5_9SF,fpocket,20,0.392,0,2,0,0,1,0,4.487241340032648,16.76972322119571,4.487241340032648,0,0,0
7VJT_7IJ,fpocket,20,0.588,1,0,0,0,1,0,14.139063784690864,1.5725776595135454,1.5725776595135454,0,1,1
7VKZ_NOJ,fpocket,20,0.298,0,0,0,0,1,0,2.743523942198829,2.743523942198829,2.743523942198829,1,1,1
7VQ9_ISY,fpocket,19,0.335,8,2,4,0,0,1,29.109228606238158,29.109228606238158,29.109228606238158,0,0,0
7VWF_K55,fpocket,20,0.308,1,2,1,0,1,0,49.65764439378998,49.65764439378998,49.65764439378998,0,0,0
7VYJ_CA0,fpocket,20,0.439,0,2,0,0,1,0,6.914869443883501,29.139323250326846,6.914869443883501,0,0,0
7W05_GMP,fpocket,3,1.0,0,2,1,0,0,1,16.580833612057646,21.304616594090817,21.304616594090817,0,0,0
7W06_ITN,fpocket,9,0.598,0,0,0,0,1,0,1.4009505056427465,1.4009505056427465,1.4009505056427465,1,1,1
7W6F_8I6,fpocket,14,0.492,0,1,1,0,0,1,2.5472802766210716,24.070159051566804,24.070159051566804,1,0,0
7WCF_ACP,fpocket,20,0.155,0,1,0,0,1,0,3.393084877081117,11.863118179996288,3.393084877081117,1,0,1
7WDT_NGS,fpocket,20,0.011,5,4,2,1,0,0,14.270031791977368,14.270031791977368,14.270031791977368,0,0,0
7WJB_BGC,fpocket,20,0.284,2,5,2,0,1,0,28.517991313294477,25.037692184258926,25.037692184258926,0,0,0
7WKL_CAQ,fpocket,20,0.47,9,1,2,0,0,1,57.20238642153893,11.012178641839343,11.012178641839343,0,0,0
7WL4_JFU,fpocket,20,0.595,1,5,3,0,0,1,31.951746467203,29.057168289871708,31.951746467203,0,0,0
7WN5_JGL,fpocket,12,0.374,0,0,0,0,1,0,3.317514029376241,3.317514029376241,3.317514029376241,1,1,1
7WPW_F15,fpocket,4,0.738,0,0,0,0,1,0,1.837462459313076,1.837462459313076,1.837462459313076,1,1,1
7WQQ_5Z6,fpocket,18,0.21,0,0,0,0,1,0,2.8594400574163976,2.8594400574163976,2.8594400574163976,1,1,1
7WUX_6OI,fpocket,20,0.011,0,4,1,0,0,1,4.579329252594768,34.539745944538744,34.539745944538744,0,0,0
7WUY_76N,fpocket,20,0.546,0,0,0,0,1,0,4.228138501784851,4.228138501784851,4.228138501784851,0,0,0
7X5N_5M5,fpocket,20,0.868,3,4,3,0,1,0,17.333752277257666,29.33137337469142,17.333752277257666,0,0,0
7X9K_8OG,fpocket,8,0.128,0,0,0,0,1,0,1.4578047781908798,1.4578047781908798,1.4578047781908798,1,1,1
7XBV_APC,fpocket,20,0.331,0,0,0,0,1,0,5.2502261224063425,5.2502261224063425,5.2502261224063425,0,0,0
7XEK_9YX,fpocket,20,0.362,3,0,0,0,1,0,32.02319028230945,2.0201037858916866,2.0201037858916866,0,1,1
7XFA_D9J,fpocket,11,0.085,8,1,4,0,0,1,17.682046119000535,6.921963685517199,6.921963685517199,0,0,0
7XG5_PLP,fpocket,20,0.271,6,1,1,0,1,0,28.358192439591217,28.358192439591217,28.358192439591217,0,0,0
7XI7_4RI,fpocket,13,0.063,0,0,0,0,1,0,4.519192708389037,4.519192708389037,4.519192708389037,0,0,0
7XIJ_EJ3,fpocket,11,0.125,3,0,1,0,0,1,5.763775041313525,4.8453004168675635,5.763775041313525,0,0,0
7XJN_NSD,fpocket,20,0.429,9,1,4,0,0,1,13.621102206740604,64.96886300218954,64.96886300218954,0,0,0
7XPO_UPG,fpocket,20,0.188,16,0,5,0,0,1,49.10147798536878,6.7220729867700895,49.10147798536878,0,0,0
7XQZ_FPF,fpocket,20,0.309,0,0,0,0,1,0,2.127744592945103,2.127744592945103,2.127744592945103,1,1,1
7XRL_FWK,fpocket,20,0.102,9,13,11,0,0,1,56.200317752818755,50.13164134962272,67.5181322271503,0,0,0
7YZU_DO7,fpocket,18,0.136,2,1,0,1,0,0,12.473270661611753,10.05467474151625,0.983572662679268,0,0,1
7Z1Q_NIO,fpocket,14,0.469,0,2,1,0,0,1,2.2110713519504483,9.21814240371385,9.21814240371385,1,0,0
7Z2O_IAJ,fpocket,20,0.401,0,0,0,0,1,0,3.9806154879011837,3.9806154879011837,3.9806154879011837,1,1,1
7Z7F_IF3,fpocket,16,0.012,0,3,1,0,0,1,1.250511705240153,13.86466511162149,13.86466511162149,1,0,0
7ZCC_OGA,fpocket,20,0.521,1,1,1,0,1,0,63.31751272649615,63.31751272649615,63.31751272649615,0,0,0
7ZDY_6MJ,fpocket,20,0.426,1,0,0,0,1,0,25.893417861856275,4.110184451664494,4.110184451664494,0,0,0
7ZF0_DHR,fpocket,20,0.011,0,0,0,0,1,0,0.8331400510912084,0.8331400510912084,0.8331400510912084,1,1,1
7ZHP_IQY,fpocket,19,0.641,0,0,0,0,1,0,0.7654157227144318,0.7654157227144318,0.7654157227144318,1,1,1
7ZL5_IWE,fpocket,20,0.28,2,0,0,0,1,0,47.69109432674296,3.08880902667484,3.08880902667484,0,1,1
7ZOC_T8E,fpocket,20,0.183,0,0,0,0,1,0,2.9467983916566047,2.9467983916566047,2.9467983916566047,1,1,1
7ZTL_BCN,fpocket,19,0.086,1,3,1,0,1,0,10.558919848026138,11.448722794743324,10.558919848026138,0,0,0
7ZU2_DHT,fpocket,13,0.01,0,0,0,0,1,0,1.3382325986865475,1.3382325986865475,1.3382325986865475,1,1,1
7ZXV_45D,fpocket,20,0.494,0,0,0,0,1,0,1.8557024453964452,1.8557024453964452,1.8557024453964452,1,1,1
7ZXZ_K9R,fpocket,13,0.134,2,2,1,1,0,0,20.878837793525655,10.88187403667084,7.106485720036593,0,0,0
7ZYS_KNR,fpocket,12,0.118,5,0,2,0,0,1,19.568329692395135,5.004853740052924,19.568329692395135,0,0,0
7ZZB_KGX,fpocket,19,0.363,1,1,0,1,0,0,11.654984953743021,17.69330541924521,10.072273169257862,0,0,0
7ZZW_KKW,fpocket,20,0.618,0,0,0,0,1,0,3.1046182949335313,3.1046182949335313,3.1046182949335313,1,1,1
8A1H_DLZ,fpocket,20,0.354,0,0,0,0,1,0,1.5766030473688215,1.5766030473688215,1.5766030473688215,1,1,1
8A2D_KXY,fpocket,16,0.282,0,0,0,0,1,0,6.9231838589463965,6.9231838589463965,6.9231838589463965,0,0,0
8AAU_LH0,fpocket,19,0.36,4,1,3,0,0,1,17.9004879518027,10.335105531739382,10.335105531739382,0,0,0
8ACL_LQL,fpocket,17,0.257,0,0,0,0,1,0,5.359809124498594,5.359809124498594,5.359809124498594,0,0,0
8AEM_LVF,fpocket,20,0.03,1,0,0,0,1,0,15.673689164703589,0.9967031813104169,0.9967031813104169,0,1,1
8AEU_M0L,fpocket,6,0.603,0,0,0,0,1,0,13.353165494903992,13.353165494903992,13.353165494903992,0,0,0
8AIE_M7L,fpocket,20,0.445,8,0,5,0,0,1,33.2240657287953,2.0634717348514062,20.20877569840475,0,1,0
8AIJ_M9I,fpocket,20,0.42,18,4,11,0,0,1,38.2849050993389,45.436840330529655,35.53887840002379,0,0,0
8AJX_FUM,fpocket,20,0.033,1,13,8,0,0,1,15.124806156105903,21.374011913525123,21.374011913525123,0,0,0
8AP0_PRP,fpocket,19,0.119,0,0,0,0,1,0,3.6977151388707385,3.6977151388707385,3.6977151388707385,1,1,1
8AQL_PLG,fpocket,20,0.079,9,5,4,1,0,0,46.02791451502104,12.542375116225442,12.542375116225442,0,0,0
8AUH_L9I,fpocket,20,0.408,7,4,3,1,0,0,38.99029590018808,38.99029590018808,38.99029590018808,0,0,0
8AY3_OE3,fpocket,20,0.502,0,0,0,0,1,0,1.730780101865119,1.730780101865119,1.730780101865119,1,1,1
8B8H_OJQ,fpocket,20,0.672,1,0,0,0,1,0,35.936977785265704,4.300902374546033,4.300902374546033,0,0,0
8BN6_R53,fpocket,12,0.254,0,0,0,0,1,0,3.0641713768894734,3.0641713768894734,3.0641713768894734,1,1,1
8BOM_QU6,fpocket,13,0.465,0,0,0,0,1,0,1.8958820447339273,1.8958820447339273,1.8958820447339273,1,1,1
8BPL_CP,fpocket,20,0.069,9,2,3,0,0,1,7.915614917573849,7.915614917573849,7.915614917573849,0,0,0
8BTI_RFO,fpocket,20,0.477,0,0,0,0,1,0,2.917773482594222,2.917773482594222,2.917773482594222,1,1,1
8C3N_ADP,fpocket,18,0.296,5,1,1,0,1,0,32.75145541899379,10.568406973897734,10.568406973897734,0,0,0
8C5D_GTB,fpocket,20,0.482,3,0,1,0,0,1,31.397439135872876,6.505483132123676,31.397439135872876,0,0,0
8C5M_MTA,fpocket,20,0.053,3,0,0,0,1,0,29.736318529141123,0.7116807551780836,0.7116807551780836,0,1,1
8C7Y_TXV,fpocket,20,0.411,1,2,2,0,0,1,25.680051510423947,25.680051510423947,25.680051510423947,0,0,0
8CGC_LMR,fpocket,20,0.274,1,14,7,0,0,1,20.709493776508754,29.241124539713766,29.241124539713766,0,0,0
8CI0_8EL,fpocket,20,0.232,4,5,2,1,0,0,100.32519799319437,102.14683289181207,102.14683289181207,0,0,0
8CNH_V6U,fpocket,20,0.24,0,3,1,0,0,1,6.069240326561444,15.423787685938287,15.423787685938287,0,0,0
8CSD_C5P,fpocket,20,0.393,0,2,0,0,1,0,1.3841130705230074,44.51028157710654,1.3841130705230074,1,0,1
8D19_GSH,fpocket,20,0.42,11,9,9,0,1,0,45.54927554533377,31.309357911447925,42.890991039252114,0,0,0
8D39_QDB,fpocket,20,0.326,0,1,0,0,1,0,1.2190922890864486,10.256175332781098,1.2190922890864486,1,0,1
8D5D_5DK,fpocket,20,0.139,0,1,1,0,0,1,2.692649720445292,30.183793221224665,30.183793221224665,1,0,0
8DHG_T78,fpocket,20,0.153,13,1,3,0,0,1,9.287627945635153,9.383296577682012,9.383296577682012,0,0,0
8DKO_TFB,fpocket,20,0.053,14,3,6,0,0,1,23.05905585120729,33.29839068202095,33.29839068202095,0,0,0
8DP2_UMA,fpocket,20,0.436,7,2,3,0,0,1,23.19629830752055,23.19629830752055,23.19629830752055,0,0,0
8DSC_NCA,fpocket,20,0.4,1,0,0,0,1,0,36.380763328383395,3.4026928035034114,3.4026928035034114,0,1,1
8DW5_FQ7,fpocket,5,0.237,1,2,1,0,1,0,9.574400158427869,20.34205096179282,20.34205096179282,0,0,0
8DZT_G4P,fpocket,18,0.248,0,1,0,0,1,0,3.0932063291258887,38.74808484414953,3.0932063291258887,1,0,1
8E77_ULP,fpocket,20,0.124,0,0,0,0,1,0,4.268585711953047,4.268585711953047,4.268585711953047,0,0,0
8EAB_VN2,fpocket,18,0.474,0,0,0,0,1,0,2.160355032566501,2.160355032566501,2.160355032566501,1,1,1
8EAD_UY0,fpocket,9,0.365,0,0,0,0,1,0,4.943507603038999,4.943507603038999,4.943507603038999,0,0,0
8ERS_WQO,fpocket,13,0.217,0,0,0,0,1,0,1.984453189532341,1.984453189532341,1.984453189532341,1,1,1
8EX2_Q2Q,fpocket,13,0.666,0,0,0,0,1,0,1.2835968381424767,1.2835968381424767,1.2835968381424767,1,1,1
8EXL_799,fpocket,20,0.402,0,0,0,0,1,0,2.9430223286426718,2.9430223286426718,2.9430223286426718,1,1,1
8EYE_X4I,fpocket,20,0.22,0,2,0,0,1,0,4.020888635583731,16.476139065123956,4.020888635583731,0,0,0
8F4J_PHO,fpocket,20,0.051,18,8,15,0,0,1,26.533068322546818,92.51706076440568,92.51706076440568,0,0,0
8F8E_XJI,fpocket,20,0.414,0,8,4,0,0,1,2.4303147013149435,44.279497022746554,29.810666625745085,1,0,0
8FAV_4Y5,fpocket,20,0.37,1,0,0,0,1,0,70.71345628564202,0.7512219644140447,0.7512219644140447,0,1,1
8FLN_Y7W,fpocket,17,0.141,1,0,0,0,1,0,13.645238120064205,1.6280089723546858,1.6280089723546858,0,1,1
8FLV_ZB9,fpocket,18,0.311,4,1,2,0,0,1,5.503696694951182,5.503696694951182,5.503696694951182,0,0,0
8FO5_Y4U,fpocket,20,0.421,0,1,1,0,0,1,0.6736490376336315,73.06539181776546,73.06539181776546,1,0,0
8FV9_80J,fpocket,20,0.066,2,3,1,1,0,0,25.388167684296025,46.96392358272797,25.388167684296025,0,0,0
8G0V_YHT,fpocket,20,0.394,4,0,0,0,1,0,40.71965568280327,12.477551281875794,12.477551281875794,0,0,0
8G43_ZU6,fpocket,3,0.5,0,1,1,0,0,1,1.4699092779563032,10.51071628801112,10.51071628801112,1,0,0
8G6P_API,fpocket,20,0.637,7,5,5,0,1,0,14.06309650568828,26.40540888129087,26.40540888129087,0,0,0
8GFD_ZHR,fpocket,20,0.208,15,1,5,0,0,1,13.944536479526423,13.944536479526423,13.944536479526423,0,0,0
8H0M_2EH,fpocket,20,0.48,0,5,1,0,0,1,4.717506027974175,15.797317026604322,15.797317026604322,0,0,0
8HFN_XGC,fpocket,20,0.217,0,0,0,0,1,0,5.83909071530437,5.83909071530437,5.83909071530437,0,0,0
8HO0_3ZI,fpocket,20,0.104,0,0,0,0,1,0,3.117066159331063,3.117066159331063,3.117066159331063,1,1,1
8SLG_G5A,fpocket,20,0.429,2,0,0,0,1,0,23.40859619449741,3.0108290003801823,3.0108290003801823,0,1,1
