comparison,test,N_eff,N_total,n11,n10,n01,n00,stat,p,effect_r
af3top1_rankfusion vs exp_top1,Wilcoxon,341,341,,,,,21058.5,8.807017950028383e-06,0.24068664921019606
af3top1_rankfusion vs exp_top1,McNemar(<4.0Å),,,9,8,96,228,72.77884615384616,1.4502297862579362e-17,
af3top1_rankfusion vs exp_energy,Wilcoxon,341,341,,,,,16116.5,8.228052685686072e-13,0.38758961354230526
af3top1_rankfusion vs exp_energy,McNemar(<4.0Å),,,10,7,105,219,84.00892857142857,4.925452815049805e-20,
af3top1_rankfusion vs exp_rankfusion,Wilcoxon,341,341,,,,,15082.5,1.1195893914337296e-14,0.41832569476949316
af3top1_rankfusion vs exp_rankfusion,McNemar(<4.0Å),,,10,7,112,212,90.89075630252101,1.5182729164988684e-21,
af3top1_rankfusion vs af3ligand,Wilcoxon,342,342,,,,,4240.0,8.834855777294035e-43,0.7413567446381829
af3top1_rankfusion vs af3ligand,McNemar(<4.0Å),,,0,17,1,324,12.5,0.00040695201744495946,
af3top1_rankfusion vs af3oracle_rankfusion,Wilcoxon,276,276,,,,,15517.0,0.006741112322731269,0.1630849075138234
af3top1_rankfusion vs af3oracle_rankfusion,McNemar(<4.0Å),,,4,12,7,253,0.8421052631578947,0.3587953578869416,
exp_rankfusion vs exp_top1,Wilcoxon,182,424,,,,,5484.0,6.499216596626247e-05,0.19396148247633777
exp_rankfusion vs exp_top1,McNemar(<4.0Å),,,113,41,17,253,9.120689655172415,0.0025273466528254553,
exp_rankfusion vs exp_energy,Wilcoxon,104,424,,,,,2378.0,0.25367513244216466,0.0554345968937816
exp_rankfusion vs exp_energy,McNemar(<4.0Å),,,135,19,12,258,1.1612903225806452,0.2811980995641761,
exp_rankfusion vs p2rank_top1,Wilcoxon,417,417,,,,,41370.0,0.3702503840050503,0.04387752692717687
exp_rankfusion vs p2rank_top1,McNemar(<4.0Å),,,85,69,73,190,0.06338028169014084,0.8012308999425298,
exp_top1 vs p2rank_top1,Wilcoxon,417,417,,,,,34187.0,0.00013737852102828886,0.18671562490134272
exp_top1 vs p2rank_top1,McNemar(<4.0Å),,,69,61,89,198,4.86,0.027486336111510433,
exp_rankfusion vs af3ligand,Wilcoxon,419,419,,,,,2832.0,7.465500197485083e-62,0.810761272683835
exp_rankfusion vs af3ligand,McNemar(<4.0Å),,,0,154,1,264,149.05806451612904,2.7851500725026647e-34,
p2rank_top1 vs p2rank_rf,Wilcoxon,101,417,,,,,1833.0,0.011892430297874625,0.1231757625689165
p2rank_top1 vs p2rank_rf,McNemar(<4.0Å),,,144,14,41,218,12.290909090909091,0.0004551699698851153,
p2rank_rf vs p2rank_top1,Wilcoxon,101,417,,,,,1833.0,0.011892430297874625,0.1231757625689165
p2rank_rf vs p2rank_top1,McNemar(<4.0Å),,,144,41,14,218,12.290909090909091,0.0004551699698851153,
p2rank_top1 vs p2rank_energy,Wilcoxon,151,417,,,,,5181.5,0.3012254376878545,0.050625847228391814
p2rank_top1 vs p2rank_energy,McNemar(<4.0Å),,,137,21,46,213,8.597014925373134,0.003367144600753895,
p2rank_energy vs p2rank_rf,Wilcoxon,72,417,,,,,1084.0,0.19679462280004123,0.06320770055604477
p2rank_energy vs p2rank_rf,McNemar(<4.0Å),,,175,8,10,224,0.05555555555555555,0.8136637157667919,
exp_rankfusion vs p2rank_rf,Wilcoxon,417,417,,,,,36870.0,0.006462514127212807,0.13336262603086868
exp_rankfusion vs p2rank_rf,McNemar(<4.0Å),,,105,49,80,183,6.976744186046512,0.008257570114301203,
exp_rankfusion vs p2rank_energy,Wilcoxon,417,417,,,,,36256.0,0.0029521978740516914,0.14557237216440497
exp_rankfusion vs p2rank_energy,McNemar(<4.0Å),,,107,47,76,187,6.373983739837398,0.011580533836671717,
